rule_id,class_label
841356,Propagate
1552404,Propagate
1743499,Propagate
2456273,Stable
2647776,Stable
3004302,Complex
3442980,Homogeneous
4362760,Homogeneous
4836874,Propagate
4924312,Propagate
4943787,Propagate
5273064,Stable
5341253,Propagate
5737411,Propagate
5899134,Propagate
6301312,Homogeneous
6686849,Propagate
7263971,Chaotic
7275419,Propagate
7505063,Propagate
7688505,Propagate
7697044,Chaotic
7749469,Propagate
7981680,Stable
8334949,Propagate
8603557,Propagate
8740459,Propagate
9257255,Propagate
9811677,Propagate
9936993,Propagate
10157440,Propagate
10159940,Chaotic
10738071,Propagate
10778582,Complex
10935263,Propagate
11017705,Complex
11492154,Complex
11666790,Complex
11705984,Homogeneous
11806052,Homogeneous
12586008,Stable
13104517,Propagate
13505160,Homogeneous
13516655,Propagate
13679300,Stable
13938521,Propagate
14166536,Homogeneous
14310016,Homogeneous
14694408,Homogeneous
14837456,Stable
15228622,Propagate
15365107,Stable
15618524,Propagate
15997056,Homogeneous
16152870,Propagate
16544312,Stable
16681652,Homogeneous
16690475,Propagate
16988913,Stable
17742606,Stable
19375641,Chaotic
19747540,Chaotic
20008927,Propagate
21597406,Propagate
22503445,Propagate
23814791,Propagate
24048374,Stable
25123659,Stable
25323460,Propagate
26779249,Stable
27178745,Chaotic
27911967,Propagate
28661629,Propagate
29784419,Stable
30787677,Propagate
30884438,Chaotic
30935932,Propagate
31332720,Propagate
31381568,Homogeneous
31521401,Stable
31839889,Propagate
33399693,Stable
33417157,Propagate
33599984,Stable
33673033,Propagate
34780500,Stable
35208804,Complex
35581712,Homogeneous
36429141,Complex
36888727,Stable
37520384,Homogeneous
37529008,Homogeneous
37670912,Homogeneous
38999075,Stable
39404583,Stable
40009587,Propagate
40186061,Propagate
40255223,Propagate
40361651,Chaotic
40682676,Homogeneous
40985788,Chaotic
41086089,Chaotic
41531046,Chaotic
41610640,Homogeneous
41940642,Chaotic
42789408,Homogeneous
43509545,Chaotic
43598698,Chaotic
43676229,Complex
44580480,Homogeneous
44795331,Propagate
45505225,Chaotic
45932502,Propagate
46139273,Propagate
46779301,Chaotic
46874829,Propagate
47304504,Chaotic
47615345,Chaotic
47874088,Stable
48946793,Chaotic
49310608,Homogeneous
49939964,Propagate
49997721,Complex
50290518,Complex
51252024,Chaotic
51529182,Chaotic
51801764,Propagate
52679490,Propagate
52946815,Propagate
52967438,Propagate
53461903,Propagate
53719280,Stable
54340558,Propagate
54563105,Propagate
54627200,Propagate
54905468,Propagate
55072920,Propagate
55156612,Propagate
55716182,Chaotic
56052558,Propagate
56136200,Homogeneous
56755045,Propagate
56799476,Propagate
57531623,Propagate
57949116,Chaotic
58198895,Propagate
58410516,Chaotic
58518004,Propagate
58731376,Propagate
59346766,Complex
59478463,Propagate
59511563,Complex
59566566,Chaotic
59780189,Propagate
60766757,Propagate
61198158,Chaotic
61515540,Complex
61604512,Homogeneous
61625729,Propagate
61767526,Chaotic
62068790,Propagate
62512412,Propagate
63238152,Homogeneous
63384488,Propagate
63453395,Propagate
65343060,Complex
65917432,Chaotic
66683632,Stable
67022496,Homogeneous
67152520,Homogeneous
68000905,Propagate
68205427,Propagate
68390577,Complex
69079746,Propagate
69763776,Homogeneous
70702624,Homogeneous
70879241,Propagate
71008861,Propagate
71075360,Homogeneous
72590450,Chaotic
72617618,Propagate
73115071,Propagate
73180014,Propagate
73595787,Propagate
73849425,Chaotic
74059253,Stable
74123038,Propagate
74688223,Propagate
74697084,Complex
74818078,Chaotic
75530420,Homogeneous
76418184,Homogeneous
77209748,Homogeneous
77335830,Propagate
77603360,Homogeneous
77833378,Stable
78888475,Chaotic
79359760,Homogeneous
80688566,Complex
80750410,Propagate
80940331,Propagate
81103350,Propagate
81588684,Propagate
81833524,Homogeneous
83250566,Propagate
83531029,Chaotic
83651970,Chaotic
83849614,Chaotic
83889094,Propagate
84346804,Propagate
84356538,Chaotic
84478112,Propagate
84603376,Complex
84763491,Propagate
86274490,Complex
86837560,Propagate
86993720,Chaotic
87531510,Propagate
88779988,Chaotic
89064243,Propagate
89101055,Propagate
89476017,Propagate
89790998,Chaotic
90341465,Stable
90357792,Homogeneous
90378411,Propagate
90926699,Stable
91010664,Homogeneous
91281025,Propagate
92015253,Chaotic
93608883,Propagate
94085122,Propagate
94229853,Propagate
94308235,Propagate
95057522,Chaotic
95181705,Chaotic
95315796,Propagate
96134603,Propagate
96301724,Chaotic
96326954,Chaotic
96584295,Propagate
96795614,Propagate
97047417,Complex
97253148,Propagate
98227195,Propagate
98611616,Propagate
98794538,Chaotic
99273792,Homogeneous
99333987,Stable
99367126,Chaotic
99524532,Complex
101022850,Propagate
101287892,Chaotic
101637979,Stable
101892276,Homogeneous
102027018,Propagate
102047044,Propagate
102169559,Propagate
102179500,Chaotic
103170930,Propagate
103271934,Propagate
104906255,Propagate
105248207,Propagate
105346589,Propagate
105524297,Chaotic
105585201,Chaotic
105696157,Chaotic
105877790,Chaotic
106139864,Propagate
106456634,Complex
106512990,Chaotic
106845696,Homogeneous
107264361,Chaotic
107420369,Chaotic
107480046,Propagate
107650275,Chaotic
108153176,Propagate
108160192,Homogeneous
108497722,Chaotic
110287971,Complex
111088881,Chaotic
111235533,Chaotic
112142669,Chaotic
112503476,Homogeneous
113030247,Chaotic
113971123,Stable
114351714,Propagate
114554660,Propagate
114840825,Chaotic
115405912,Stable
115820025,Complex
116402431,Propagate
116761967,Propagate
117148288,Propagate
117478267,Propagate
117828809,Complex
117881679,Propagate
118543408,Propagate
119664166,Chaotic
120099743,Propagate
120751272,Homogeneous
120791357,Propagate
120988298,Chaotic
122702257,Complex
122984958,Chaotic
123265537,Chaotic
123993296,Chaotic
124327519,Stable
124533305,Complex
124660666,Propagate
124876898,Chaotic
125187262,Chaotic
125288162,Chaotic
126002752,Homogeneous
126068782,Stable
126125902,Stable
126289540,Propagate
126747808,Homogeneous
126922410,Propagate
127120768,Propagate
127341741,Chaotic
127978094,Complex
128031396,Chaotic
129165796,Chaotic
129236524,Complex
129253020,Chaotic
129400056,Chaotic
131447442,Chaotic
131844903,Propagate
132302365,Chaotic
132837233,Chaotic
132961073,Chaotic
133088416,Homogeneous
133272825,Propagate
134207366,Complex
134917627,Propagate
135403839,Propagate
135718651,Propagate
135740481,Stable
136505587,Propagate
137616929,Propagate
137869475,Propagate
138415519,Propagate
138693792,Homogeneous
138953440,Homogeneous
138961960,Homogeneous
139864192,Homogeneous
140187131,Propagate
140515379,Propagate
140812896,Homogeneous
140871640,Complex
141064352,Homogeneous
141810819,Chaotic
142013388,Propagate
142364278,Propagate
142851377,Propagate
143005735,Propagate
143028626,Chaotic
143299564,Propagate
143412328,Propagate
143934616,Stable
144458292,Homogeneous
144794903,Stable
145287273,Propagate
146481192,Stable
148217619,Stable
148884317,Propagate
149631955,Chaotic
150116917,Chaotic
150425152,Propagate
150921246,Propagate
150957676,Complex
151219185,Stable
151277162,Propagate
151729559,Propagate
151946240,Homogeneous
152602752,Homogeneous
153397537,Complex
153611580,Chaotic
153692187,Homogeneous
154065794,Chaotic
154185462,Chaotic
154662835,Stable
154739678,Chaotic
155216698,Chaotic
155438886,Propagate
155853888,Homogeneous
156875586,Propagate
157612991,Propagate
157623786,Chaotic
157729967,Chaotic
158015168,Complex
158861537,Stable
158998032,Stable
159487841,Propagate
159587639,Propagate
159824875,Propagate
159933234,Propagate
160588195,Chaotic
161728476,Stable
161923315,Propagate
162360156,Chaotic
162387522,Chaotic
163264112,Propagate
163763392,Homogeneous
164313410,Propagate
164820245,Chaotic
166309093,Propagate
166320906,Propagate
166993472,Homogeneous
168407850,Propagate
169038945,Propagate
169318686,Propagate
169763243,Propagate
170689150,Propagate
171200764,Complex
171347175,Propagate
171700023,Propagate
171701465,Complex
171828471,Complex
172500259,Propagate
172788872,Homogeneous
172793727,Propagate
172876772,Chaotic
172891272,Homogeneous
172907376,Stable
173736832,Propagate
174334496,Homogeneous
174359592,Homogeneous
174502304,Stable
175286829,Propagate
175382056,Homogeneous
176147615,Propagate
176257206,Chaotic
176349312,Homogeneous
176390590,Propagate
176555200,Homogeneous
176565932,Propagate
177243840,Homogeneous
177337438,Complex
177460566,Chaotic
177901404,Propagate
178409576,Homogeneous
178438448,Homogeneous
179102475,Propagate
179653598,Chaotic
179781193,Chaotic
180691693,Chaotic
180762814,Propagate
183645718,Propagate
183657549,Chaotic
184561441,Propagate
186055125,Chaotic
186618211,Propagate
186748752,Complex
187463722,Propagate
188147550,Chaotic
188704623,Stable
189150438,Propagate
189351213,Stable
189907331,Chaotic
190638698,Propagate
190693016,Chaotic
190973440,Homogeneous
191013046,Propagate
191392384,Homogeneous
191690247,Chaotic
193768199,Propagate
194240094,Propagate
194763060,Chaotic
194848734,Propagate
195164314,Complex
195379135,Propagate
195488441,Propagate
195519134,Chaotic
196447606,Chaotic
196814233,Complex
197070268,Propagate
197437508,Propagate
197529702,Chaotic
197727134,Stable
197960400,Stable
198070280,Homogeneous
198486416,Propagate
198787823,Propagate
199953132,Propagate
201724649,Chaotic
202215282,Propagate
202363285,Propagate
202559714,Complex
202793435,Propagate
202978947,Propagate
204033643,Propagate
204878880,Homogeneous
204910791,Propagate
205294589,Propagate
205360778,Propagate
205410096,Homogeneous
207988153,Chaotic
208709940,Homogeneous
208799699,Propagate
209778719,Propagate
210502149,Propagate
210643427,Propagate
210648064,Homogeneous
210657932,Propagate
210750723,Stable
211824461,Chaotic
212101874,Propagate
212247919,Chaotic
213243782,Chaotic
213291665,Complex
214816042,Propagate
215359682,Propagate
215510458,Propagate
215686308,Propagate
215736315,Propagate
215739805,Propagate
215970859,Chaotic
216313105,Propagate
217275224,Propagate
217799479,Propagate
218179599,Stable
218275880,Homogeneous
218847066,Chaotic
219966046,Chaotic
220661337,Propagate
220815561,Chaotic
221020704,Homogeneous
221670908,Chaotic
222391591,Propagate
223065478,Chaotic
223286506,Chaotic
223345988,Propagate
223705953,Propagate
223748712,Stable
225100293,Chaotic
225968551,Propagate
226258273,Complex
227014784,Propagate
227632138,Chaotic
228014700,Chaotic
228347040,Homogeneous
229348496,Chaotic
230064201,Chaotic
230249217,Propagate
231602592,Propagate
231765184,Homogeneous
232316341,Propagate
232624004,Propagate
232663462,Complex
232804774,Complex
233503208,Propagate
234187462,Chaotic
234403807,Propagate
235007784,Propagate
235195686,Propagate
235800422,Chaotic
235981731,Propagate
237329950,Complex
239259328,Homogeneous
239843904,Propagate
240251661,Chaotic
241030242,Propagate
241861915,Chaotic
241961401,Chaotic
242701168,Propagate
243605499,Propagate
244295904,Propagate
244634404,Propagate
244996224,Homogeneous
245522987,Propagate
245804680,Homogeneous
245850597,Complex
246343904,Homogeneous
247030780,Propagate
248786714,Propagate
248855676,Chaotic
248996187,Propagate
249679021,Propagate
249877182,Propagate
250613307,Propagate
251183830,Complex
251837136,Propagate
252101547,Propagate
252512763,Propagate
252647279,Stable
252781355,Propagate
252860896,Complex
252935743,Stable
253474457,Complex
254273000,Chaotic
254324224,Homogeneous
254365157,Stable
254720356,Chaotic
255414053,Stable
256143439,Stable
257192280,Propagate
257219915,Propagate
257308415,Propagate
258687184,Propagate
259045568,Homogeneous
260059550,Propagate
260329455,Propagate
260990289,Propagate
261274278,Propagate
261405921,Chaotic
261520332,Chaotic
261810763,Complex
261909064,Homogeneous
261979935,Stable
262416544,Homogeneous
262553568,Propagate
264248081,Propagate
264796680,Homogeneous
264936512,Homogeneous
265422240,Propagate
266005504,Homogeneous
266807873,Chaotic
267429212,Chaotic
267492696,Complex
267662912,Homogeneous
268695834,Chaotic
268945819,Chaotic
269453995,Propagate
269557438,Chaotic
269893768,Homogeneous
270452175,Propagate
270714651,Propagate
271515109,Chaotic
272849424,Propagate
273057386,Complex
274078116,Propagate
274132118,Complex
274218475,Propagate
274455988,Chaotic
274663651,Propagate
274933166,Chaotic
274972339,Chaotic
274989148,Propagate
275400768,Homogeneous
275530725,Complex
275860817,Propagate
276017792,Propagate
276310527,Propagate
276321255,Stable
277070592,Propagate
278612114,Stable
279490592,Homogeneous
280647907,Complex
280796633,Chaotic
281224920,Propagate
281608109,Propagate
283968096,Propagate
284277889,Propagate
284348245,Stable
285661884,Chaotic
286095463,Propagate
288130048,Homogeneous
288416812,Propagate
289482182,Complex
289933832,Homogeneous
290794975,Stable
290980646,Chaotic
291860187,Stable
291871885,Propagate
291889680,Propagate
292034983,Propagate
292467180,Chaotic
292847758,Propagate
293260209,Chaotic
293864877,Propagate
294296873,Chaotic
294448488,Complex
294713656,Propagate
295046030,Chaotic
295456419,Chaotic
295876036,Chaotic
295915493,Chaotic
296041745,Propagate
296166921,Propagate
297265480,Complex
297812425,Propagate
298034627,Propagate
298159856,Complex
298500973,Chaotic
298737106,Chaotic
299569530,Stable
299832023,Propagate
300527939,Stable
300535210,Complex
301788498,Chaotic
302606101,Propagate
302797008,Stable
303515827,Propagate
303802442,Complex
304060558,Chaotic
304330003,Propagate
304912982,Chaotic
305714736,Stable
305879924,Complex
306623488,Homogeneous
306671447,Stable
306702926,Chaotic
306743944,Homogeneous
307425650,Propagate
307719556,Chaotic
308198944,Homogeneous
308629458,Chaotic
310038016,Homogeneous
310058645,Chaotic
310690900,Propagate
311315891,Complex
311570307,Propagate
312423800,Chaotic
312794864,Stable
312849678,Chaotic
312927998,Chaotic
313071128,Complex
313075653,Chaotic
313991296,Propagate
314113013,Complex
314445888,Homogeneous
314635585,Stable
314652384,Stable
315139636,Homogeneous
315523193,Chaotic
316181851,Propagate
316496758,Chaotic
316844336,Homogeneous
316848478,Complex
316858376,Homogeneous
317234448,Propagate
317354496,Homogeneous
317495069,Chaotic
317805724,Propagate
317809810,Chaotic
318180503,Propagate
318576764,Propagate
318706139,Propagate
318795673,Propagate
319493467,Propagate
320083749,Propagate
320495668,Stable
321206114,Chaotic
321384892,Chaotic
321563225,Chaotic
322154272,Propagate
322401182,Chaotic
322407672,Chaotic
322704372,Chaotic
323033159,Propagate
323169889,Chaotic
323408297,Chaotic
323775634,Propagate
324200093,Chaotic
324359327,Propagate
324683280,Stable
324744276,Propagate
325046945,Chaotic
325253501,Chaotic
326030509,Chaotic
326070613,Propagate
326146956,Propagate
326402374,Propagate
326519103,Propagate
326643272,Homogeneous
327227400,Propagate
327268968,Propagate
327908609,Propagate
328152783,Propagate
328226504,Stable
328520221,Propagate
328612531,Chaotic
328615959,Chaotic
330745273,Chaotic
330813417,Propagate
332788471,Stable
333759026,Chaotic
334328971,Propagate
334930407,Stable
335296041,Chaotic
336080040,Homogeneous
336566996,Chaotic
336631181,Propagate
337047763,Stable
337424446,Propagate
337898928,Chaotic
338038272,Homogeneous
338258951,Complex
338444264,Chaotic
338701312,Homogeneous
338713789,Stable
338841875,Propagate
339166473,Propagate
339638267,Propagate
341892446,Stable
342239808,Homogeneous
342511622,Propagate
342703921,Propagate
343796144,Chaotic
343914999,Stable
344076115,Propagate
344245760,Homogeneous
344951668,Chaotic
345495128,Chaotic
346078411,Propagate
346726678,Chaotic
346869298,Propagate
348390288,Homogeneous
348585637,Propagate
348697524,Chaotic
349085344,Homogeneous
349652660,Propagate
349748002,Propagate
350162339,Chaotic
350393813,Stable
350454962,Chaotic
350529665,Chaotic
351572286,Complex
351784589,Chaotic
352116052,Complex
352364728,Stable
353243081,Stable
353983588,Propagate
354439021,Complex
354540131,Chaotic
354548507,Propagate
355741184,Homogeneous
356034003,Chaotic
357098096,Stable
357851264,Homogeneous
358811668,Complex
358997297,Propagate
359385273,Stable
359433797,Propagate
360513046,Chaotic
360551585,Complex
360921423,Propagate
361310250,Complex
361859502,Chaotic
362294728,Chaotic
362675053,Propagate
363230587,Chaotic
363263172,Stable
363735776,Homogeneous
363900613,Chaotic
364194056,Complex
364459486,Chaotic
364659523,Chaotic
365849190,Chaotic
367221946,Chaotic
367236932,Chaotic
367704871,Chaotic
367878761,Chaotic
367942304,Propagate
368904427,Propagate
368979897,Chaotic
369073183,Propagate
369235130,Chaotic
369507968,Homogeneous
370943412,Complex
371143152,Chaotic
371472057,Propagate
371776504,Chaotic
371948603,Propagate
372214308,Propagate
372649803,Propagate
373399426,Propagate
373758159,Complex
374060398,Chaotic
374283305,Propagate
374605364,Homogeneous
374900593,Stable
375056484,Propagate
375355105,Chaotic
375427976,Propagate
376048672,Homogeneous
376458272,Homogeneous
376685844,Chaotic
376761240,Complex
378213925,Chaotic
379913305,Chaotic
380176419,Complex
380333252,Complex
380952528,Stable
381049843,Complex
381345280,Homogeneous
382230586,Propagate
382245138,Chaotic
382772026,Chaotic
383365444,Chaotic
383478126,Chaotic
383686712,Stable
384605478,Chaotic
385222193,Chaotic
385278162,Propagate
386369727,Propagate
386974738,Propagate
387119894,Propagate
387294244,Propagate
387762122,Chaotic
387847884,Chaotic
388176285,Stable
389105781,Propagate
390014072,Propagate
390452952,Chaotic
390618825,Propagate
391271237,Propagate
391883149,Complex
391938290,Propagate
392105170,Propagate
392245997,Propagate
392424829,Propagate
392962987,Complex
393093996,Chaotic
393384031,Propagate
393531144,Complex
393540060,Stable
394058543,Stable
394098596,Chaotic
394167372,Propagate
395027162,Chaotic
395548159,Propagate
396008095,Propagate
396343183,Propagate
396418889,Propagate
397376313,Propagate
397596943,Propagate
397910737,Propagate
398136544,Complex
398315647,Stable
398330924,Propagate
398340369,Propagate
399043197,Chaotic
399661102,Chaotic
400036403,Chaotic
400317794,Chaotic
400330495,Propagate
400435084,Complex
400560567,Complex
400999552,Homogeneous
401094954,Complex
401693345,Propagate
401855893,Complex
402418010,Chaotic
402808745,Chaotic
402852600,Chaotic
402865459,Propagate
403665601,Complex
404841219,Propagate
405113917,Propagate
405126228,Stable
405449432,Propagate
405717978,Chaotic
405996209,Stable
406161897,Chaotic
406255312,Stable
406345288,Homogeneous
406797358,Stable
407550407,Propagate
408099928,Complex
409027139,Propagate
410019151,Complex
410801486,Propagate
411772564,Propagate
412279588,Homogeneous
413963776,Homogeneous
414066533,Chaotic
414273893,Stable
415374738,Complex
415393687,Chaotic
415464662,Stable
415569267,Stable
416314667,Complex
416360539,Stable
416391205,Chaotic
416666058,Chaotic
416762728,Chaotic
417302170,Chaotic
417315900,Complex
417382190,Complex
417436465,Propagate
418363451,Propagate
418691403,Chaotic
419865841,Chaotic
420235742,Chaotic
420490780,Chaotic
420513091,Complex
420514789,Chaotic
420607295,Propagate
422315560,Stable
422701550,Stable
422809996,Chaotic
423092237,Propagate
425270060,Chaotic
425294682,Chaotic
426204934,Chaotic
426392889,Chaotic
427064490,Chaotic
427272851,Chaotic
427347648,Propagate
427694019,Chaotic
427847656,Complex
428117312,Propagate
428258482,Chaotic
428591692,Chaotic
429416213,Stable
429586951,Chaotic
430065329,Chaotic
430494677,Complex
430722766,Complex
431062656,Propagate
431675310,Chaotic
431756350,Complex
432581824,Homogeneous
433081425,Stable
433235142,Chaotic
433759744,Homogeneous
433797840,Chaotic
434331606,Chaotic
434538754,Chaotic
434739404,Propagate
434971634,Chaotic
435036278,Chaotic
435117585,Propagate
436222056,Homogeneous
436703346,Propagate
436733056,Homogeneous
436789527,Chaotic
437662764,Complex
437999373,Propagate
438479873,Chaotic
438504023,Propagate
438989805,Complex
439067774,Complex
439547259,Propagate
440035408,Stable
440138279,Propagate
440213415,Stable
440610570,Propagate
441495235,Complex
443222640,Propagate
444882701,Propagate
444900634,Propagate
445471316,Chaotic
445737133,Chaotic
446117648,Propagate
446447271,Chaotic
446796888,Stable
446820232,Propagate
447806601,Complex
448525510,Chaotic
449253056,Stable
449893096,Propagate
450307050,Chaotic
450827460,Propagate
451576756,Propagate
451578932,Homogeneous
452444433,Propagate
453285987,Chaotic
453794720,Propagate
453816557,Chaotic
453869213,Propagate
454013421,Propagate
454574784,Homogeneous
454627054,Complex
454807410,Propagate
455352360,Homogeneous
457031004,Complex
457089227,Chaotic
457788949,Propagate
457882377,Propagate
458072318,Chaotic
458074952,Chaotic
459716009,Chaotic
459725272,Chaotic
459930184,Propagate
460242909,Chaotic
460844509,Propagate
460953051,Propagate
461994121,Stable
462454848,Homogeneous
462984982,Chaotic
463219901,Chaotic
463758683,Chaotic
464190433,Chaotic
464267175,Propagate
464280597,Chaotic
465342967,Propagate
465529897,Complex
465585404,Propagate
465769336,Chaotic
465775999,Propagate
465934855,Complex
466365746,Chaotic
467169282,Propagate
467960540,Propagate
468091893,Chaotic
468438792,Complex
469306919,Propagate
469522335,Propagate
470939445,Complex
471354668,Propagate
471697096,Propagate
471913264,Propagate
472410937,Complex
472649864,Homogeneous
472815240,Homogeneous
472991781,Chaotic
473280050,Chaotic
473718170,Chaotic
474835338,Chaotic
475118016,Stable
475342800,Complex
476617221,Propagate
476860985,Propagate
477002704,Stable
477350027,Chaotic
477736840,Chaotic
478163327,Stable
478447090,Complex
478641043,Chaotic
479112937,Propagate
479226447,Propagate
479518794,Propagate
480468219,Propagate
480494664,Propagate
481316512,Stable
481988520,Propagate
483267508,Chaotic
483833919,Stable
484211561,Chaotic
484303950,Propagate
484668583,Chaotic
485104850,Complex
487311805,Chaotic
488194225,Stable
488195124,Propagate
489089794,Propagate
489318846,Chaotic
489517970,Complex
490000526,Propagate
490415172,Complex
490569063,Propagate
490690444,Chaotic
490787575,Stable
491098147,Chaotic
491298929,Stable
491376016,Complex
491914923,Chaotic
491995979,Propagate
492567543,Propagate
492960451,Stable
493309939,Propagate
493717613,Propagate
493975949,Propagate
494117653,Propagate
494582014,Propagate
494650131,Propagate
494908142,Chaotic
495389030,Chaotic
495762348,Propagate
495787530,Stable
496082643,Chaotic
496297968,Chaotic
496694873,Chaotic
497879474,Chaotic
498521102,Chaotic
498733671,Chaotic
498904095,Propagate
501119337,Chaotic
501519456,Complex
501951186,Chaotic
502029224,Propagate
502726159,Chaotic
503805985,Propagate
504392768,Homogeneous
504456387,Chaotic
504513251,Chaotic
504593269,Propagate
504692790,Propagate
505405062,Stable
505798395,Chaotic
505923759,Chaotic
507393766,Chaotic
507813384,Homogeneous
507965688,Stable
508218105,Chaotic
508695768,Complex
508745584,Stable
508945572,Propagate
509558156,Stable
509800571,Propagate
510169411,Chaotic
510508880,Propagate
511237516,Chaotic
512107714,Propagate
512422304,Propagate
512527795,Propagate
512740212,Chaotic
513369113,Chaotic
513483708,Chaotic
513717536,Propagate
514240987,Chaotic
514306282,Complex
514505316,Propagate
514546904,Chaotic
514909066,Propagate
514995290,Chaotic
515014656,Homogeneous
515215719,Chaotic
515252360,Homogeneous
516021060,Chaotic
516162176,Homogeneous
516457476,Propagate
516494080,Propagate
517351201,Chaotic
517776176,Stable
518213060,Chaotic
518590579,Complex
519026112,Chaotic
519442457,Complex
519450438,Chaotic
519709079,Complex
519927529,Propagate
519954347,Complex
519983137,Propagate
520018432,Homogeneous
520427012,Propagate
521231222,Complex
521521078,Chaotic
521850414,Propagate
521859578,Complex
522549956,Propagate
522814934,Chaotic
523273594,Chaotic
523944288,Propagate
524120755,Stable
524619874,Propagate
525117897,Propagate
525317338,Propagate
525883700,Propagate
526101276,Propagate
526621298,Chaotic
527145165,Propagate
527960584,Homogeneous
528043929,Propagate
528351744,Homogeneous
530018625,Propagate
530610882,Complex
530809576,Propagate
531144281,Chaotic
531493616,Chaotic
531801383,Chaotic
531960274,Propagate
532090505,Complex
533722196,Propagate
533946983,Complex
534094883,Propagate
535181635,Propagate
535261654,Chaotic
536059336,Propagate
536124280,Propagate
536799533,Chaotic
537141125,Propagate
537255894,Propagate
537552615,Propagate
537611167,Propagate
538420893,Stable
538774139,Propagate
538847245,Propagate
538922118,Propagate
539482589,Chaotic
539587869,Complex
539911328,Homogeneous
540137296,Propagate
540513642,Chaotic
540988858,Chaotic
541036053,Chaotic
542114964,Homogeneous
542223599,Propagate
542366274,Stable
542525891,Propagate
542602332,Stable
542907375,Propagate
543669676,Chaotic
544233338,Stable
544646551,Chaotic
545391681,Stable
545575284,Stable
545821728,Homogeneous
545923720,Homogeneous
546374475,Propagate
546534623,Propagate
546696950,Complex
547367572,Homogeneous
547374338,Propagate
547489098,Propagate
547537556,Homogeneous
548099293,Chaotic
548157187,Propagate
550300894,Propagate
551437149,Chaotic
551491018,Complex
551673595,Propagate
552646022,Complex
552688364,Propagate
552730900,Homogeneous
553055300,Stable
553265910,Propagate
553352804,Propagate
553896636,Chaotic
554010699,Chaotic
554928621,Chaotic
556068544,Homogeneous
556205347,Propagate
557600414,Chaotic
557783327,Propagate
558408808,Homogeneous
558595036,Chaotic
559511644,Complex
559656785,Chaotic
560351226,Chaotic
560755790,Propagate
560791328,Propagate
561189237,Propagate
561344665,Stable
561741660,Chaotic
561866144,Propagate
562117925,Propagate
562608323,Chaotic
562697526,Chaotic
562706024,Homogeneous
563627477,Chaotic
563870420,Chaotic
564409423,Propagate
564598912,Propagate
564932769,Chaotic
565060549,Chaotic
565077161,Complex
565264398,Chaotic
566042922,Stable
566109184,Homogeneous
566194568,Propagate
566310323,Propagate
566950641,Propagate
567016369,Propagate
567461056,Stable
567477010,Propagate
567554384,Stable
567622001,Stable
567842737,Chaotic
568176298,Complex
568275055,Stable
568431967,Propagate
568483784,Propagate
568731528,Complex
568896616,Homogeneous
569233871,Propagate
569317399,Propagate
569810074,Chaotic
571098036,Homogeneous
571420419,Propagate
571607732,Homogeneous
572551567,Propagate
572687073,Propagate
572711456,Homogeneous
572975065,Chaotic
573574586,Propagate
573747387,Stable
573891149,Propagate
573898948,Propagate
574232588,Propagate
575097209,Complex
575734645,Propagate
576182828,Chaotic
576236110,Propagate
576602240,Homogeneous
576775951,Propagate
576789055,Propagate
576821994,Complex
577305824,Stable
577555104,Homogeneous
578036244,Homogeneous
578216358,Stable
579931191,Stable
580173295,Propagate
580257413,Chaotic
580556648,Complex
581440072,Homogeneous
581979743,Chaotic
582672654,Complex
582824840,Complex
582939072,Stable
582980197,Propagate
583273776,Homogeneous
583444520,Homogeneous
583446181,Chaotic
584369664,Homogeneous
584416426,Chaotic
584620040,Homogeneous
585014482,Propagate
585583216,Complex
585610985,Stable
585915936,Homogeneous
586193536,Homogeneous
586271116,Complex
586298866,Stable
586469274,Complex
586651896,Propagate
586681377,Stable
586953344,Homogeneous
587462342,Propagate
587744416,Homogeneous
587783874,Propagate
587892739,Propagate
587912255,Chaotic
588325191,Propagate
588921079,Chaotic
589453409,Complex
589515874,Complex
589952421,Chaotic
590818749,Propagate
591081345,Propagate
592637028,Stable
594130308,Chaotic
594312071,Chaotic
594324555,Chaotic
594649055,Propagate
595563905,Chaotic
595665029,Propagate
596325913,Complex
597313351,Chaotic
598366003,Chaotic
598591352,Chaotic
599310825,Propagate
599707677,Propagate
600018504,Propagate
600337712,Propagate
601175075,Propagate
602078388,Stable
602089232,Propagate
602212073,Complex
602691605,Chaotic
603906297,Stable
604546780,Propagate
604693961,Propagate
604776871,Complex
604890057,Chaotic
605211872,Homogeneous
605377181,Propagate
605964436,Homogeneous
606096566,Propagate
606505524,Homogeneous
606621570,Propagate
606918304,Homogeneous
607076434,Propagate
607135262,Propagate
607146285,Chaotic
607485846,Complex
607548032,Homogeneous
608368254,Stable
609004576,Homogeneous
609121384,Propagate
609275824,Homogeneous
609418997,Stable
610643284,Chaotic
610797220,Propagate
610900200,Propagate
611441587,Chaotic
611716321,Chaotic
612456337,Stable
612468365,Propagate
613512922,Complex
613628803,Propagate
613836560,Homogeneous
613932251,Propagate
614090735,Propagate
614685938,Chaotic
614870966,Propagate
616261589,Propagate
616712928,Homogeneous
616720479,Propagate
617341484,Chaotic
618273587,Chaotic
619081376,Homogeneous
619118961,Propagate
619142798,Chaotic
619708325,Propagate
620281363,Chaotic
620381378,Propagate
621232513,Propagate
621531705,Chaotic
622905472,Homogeneous
623425916,Chaotic
623490581,Chaotic
624430430,Propagate
624439238,Complex
625030768,Stable
625217504,Propagate
625234984,Homogeneous
625839954,Stable
627584168,Homogeneous
627596941,Chaotic
628426722,Complex
628717559,Propagate
629208639,Propagate
629391248,Propagate
629413754,Complex
629421404,Propagate
629761411,Complex
630169788,Propagate
630646382,Chaotic
631750841,Complex
632451605,Chaotic
632567146,Chaotic
632612590,Complex
632632200,Complex
632880459,Complex
633580975,Chaotic
633814084,Propagate
634839381,Complex
635056832,Homogeneous
636057975,Propagate
636282949,Propagate
636400564,Stable
636996505,Chaotic
637127344,Propagate
637866588,Complex
638212450,Complex
638261060,Complex
639160832,Homogeneous
639904576,Propagate
639909790,Propagate
640083151,Propagate
640183291,Propagate
640798731,Chaotic
641131528,Homogeneous
641490082,Propagate
642046873,Chaotic
642070493,Complex
642456133,Chaotic
642782584,Propagate
643576843,Complex
643789750,Chaotic
643824796,Propagate
643991609,Stable
644865884,Chaotic
644980944,Propagate
645415300,Propagate
645498740,Propagate
645752737,Stable
646959098,Propagate
647812758,Chaotic
648448640,Homogeneous
648723357,Chaotic
649255424,Homogeneous
649827771,Chaotic
649979099,Propagate
650767291,Propagate
651125047,Stable
651445940,Homogeneous
651562070,Propagate
651662547,Complex
652126208,Homogeneous
652828945,Propagate
653184203,Propagate
653287375,Chaotic
653962032,Homogeneous
654210419,Chaotic
654438243,Propagate
654477195,Propagate
654737952,Homogeneous
655861518,Propagate
656293602,Chaotic
656439677,Chaotic
656448479,Chaotic
656792029,Chaotic
657091982,Chaotic
657254264,Complex
657494798,Propagate
659392543,Chaotic
659729032,Homogeneous
660906656,Homogeneous
661291410,Complex
661300942,Complex
661639340,Chaotic
661821654,Complex
661962023,Chaotic
662174239,Propagate
662460085,Chaotic
662976399,Propagate
663187822,Chaotic
663535444,Propagate
663670797,Propagate
663671231,Chaotic
663801533,Chaotic
663826234,Propagate
664097318,Chaotic
664284557,Propagate
664406352,Propagate
664847319,Complex
664992222,Chaotic
665766681,Stable
666711840,Propagate
667166258,Chaotic
667454758,Propagate
667556062,Complex
667643690,Chaotic
667779376,Propagate
667964102,Complex
668789528,Stable
669065028,Propagate
669325198,Chaotic
669683795,Chaotic
669806191,Propagate
669824074,Propagate
669979604,Chaotic
670689098,Stable
670759517,Stable
671084805,Stable
672302490,Propagate
672558959,Propagate
672721427,Chaotic
672842132,Homogeneous
673100404,Stable
674227543,Stable
674490743,Propagate
674555072,Stable
674711886,Propagate
675051683,Propagate
675225423,Propagate
675584214,Propagate
675825160,Homogeneous
675995259,Complex
676168421,Chaotic
676200456,Homogeneous
676258608,Homogeneous
676388352,Homogeneous
676957302,Chaotic
676967881,Chaotic
677517496,Stable
677815186,Chaotic
678028599,Propagate
678324874,Propagate
678500147,Stable
679282378,Propagate
680040486,Propagate
680057537,Stable
680229045,Chaotic
680262627,Propagate
680702784,Propagate
680929288,Homogeneous
680986288,Complex
681231360,Homogeneous
681264427,Stable
681451109,Chaotic
681588780,Propagate
681670532,Propagate
682259617,Chaotic
682282461,Propagate
682566769,Chaotic
682706843,Propagate
682806485,Chaotic
683102652,Chaotic
683577992,Homogeneous
683612981,Propagate
683667987,Complex
683731695,Propagate
683749521,Propagate
683974564,Chaotic
684240544,Homogeneous
684473425,Stable
684578284,Propagate
684773030,Propagate
685696050,Complex
685731524,Propagate
686600124,Propagate
686732364,Propagate
686944141,Propagate
687117441,Propagate
687386259,Propagate
687731296,Stable
688912526,Propagate
689120331,Stable
689454794,Propagate
690737494,Chaotic
691301713,Complex
691321048,Propagate
691339731,Propagate
691897725,Complex
692330469,Propagate
692809066,Stable
693172159,Chaotic
693847829,Propagate
693989311,Propagate
694344512,Propagate
694443915,Complex
694942298,Chaotic
696344538,Complex
697013431,Chaotic
697082924,Propagate
697140901,Chaotic
697938686,Chaotic
697939765,Chaotic
698148554,Complex
698594025,Propagate
698665120,Homogeneous
699001555,Chaotic
699029413,Chaotic
699345892,Propagate
699482481,Stable
700273317,Complex
701808367,Propagate
702118531,Complex
702411975,Propagate
703134217,Chaotic
703368777,Propagate
703545808,Propagate
703877004,Chaotic
704001598,Chaotic
704026700,Propagate
704968570,Chaotic
705771288,Chaotic
706301560,Chaotic
706712922,Chaotic
707111048,Propagate
707790434,Propagate
708132277,Complex
708462183,Propagate
708861714,Propagate
709214891,Complex
709490159,Propagate
709527824,Homogeneous
709621663,Propagate
710429318,Propagate
712632936,Propagate
712785581,Chaotic
712805428,Homogeneous
714300770,Chaotic
714498687,Propagate
714531298,Propagate
714875924,Homogeneous
715425150,Complex
715636641,Propagate
716064223,Propagate
716884810,Chaotic
716931033,Propagate
717491372,Propagate
718581556,Homogeneous
719447191,Chaotic
720381284,Homogeneous
720583902,Complex
720622646,Chaotic
720648887,Complex
720679188,Homogeneous
721265081,Stable
721511906,Chaotic
721772554,Chaotic
722962765,Chaotic
723728065,Propagate
724938010,Chaotic
724970006,Propagate
725352717,Propagate
725570811,Propagate
725818725,Propagate
727301468,Complex
727861984,Homogeneous
728349183,Propagate
728818981,Chaotic
729306979,Chaotic
729402294,Chaotic
729500040,Complex
730074215,Propagate
730081448,Homogeneous
731358793,Chaotic
731761625,Propagate
733710463,Propagate
734819873,Chaotic
735034881,Propagate
735331237,Chaotic
735345769,Chaotic
736395465,Complex
737019456,Homogeneous
737852520,Homogeneous
737854039,Propagate
737898633,Stable
738285458,Complex
739029632,Homogeneous
739251834,Propagate
739736612,Propagate
740587680,Homogeneous
740826953,Complex
741439322,Chaotic
741488916,Propagate
741658176,Homogeneous
742278816,Homogeneous
743804321,Propagate
744173602,Chaotic
745531974,Chaotic
745694616,Propagate
745975480,Stable
746009198,Propagate
746300093,Chaotic
746523513,Propagate
747427882,Propagate
747441732,Stable
747770920,Homogeneous
747814339,Complex
748799881,Complex
748820325,Chaotic
748894493,Propagate
749752244,Homogeneous
750075344,Stable
751219848,Homogeneous
751240239,Propagate
751475849,Chaotic
751917162,Chaotic
752438459,Propagate
752485156,Homogeneous
752735171,Chaotic
752980831,Propagate
753180295,Complex
753390614,Chaotic
753585153,Complex
753665728,Homogeneous
753812371,Chaotic
754251264,Homogeneous
754287869,Propagate
754368373,Chaotic
755209252,Chaotic
755427535,Propagate
755698582,Chaotic
755745026,Propagate
755930389,Propagate
756502473,Complex
757287414,Chaotic
758175603,Complex
759109525,Propagate
760153553,Propagate
760309128,Complex
760331990,Chaotic
760434128,Propagate
760953605,Propagate
762066913,Chaotic
762323520,Homogeneous
762850944,Homogeneous
762876968,Homogeneous
763600061,Chaotic
763869880,Propagate
764434886,Chaotic
764476929,Propagate
765500091,Propagate
766159346,Propagate
766942939,Chaotic
767303988,Propagate
767612086,Complex
768256981,Chaotic
768290140,Chaotic
768407453,Chaotic
768453395,Chaotic
769352201,Chaotic
769499820,Chaotic
769517701,Complex
769978079,Chaotic
770348179,Chaotic
770441280,Homogeneous
770549652,Propagate
770695571,Complex
770759758,Chaotic
770836749,Chaotic
770844695,Complex
770881480,Complex
771369273,Chaotic
772277637,Stable
773338452,Stable
773473204,Homogeneous
774070061,Complex
774895479,Propagate
775425556,Propagate
777625390,Complex
778592264,Homogeneous
779489931,Chaotic
779909032,Propagate
780196821,Chaotic
780520225,Propagate
780675680,Homogeneous
780977054,Propagate
780996231,Complex
781415963,Propagate
781706034,Propagate
782834474,Complex
783453209,Chaotic
783470310,Propagate
784449928,Propagate
785336142,Propagate
785441467,Stable
787050670,Chaotic
787262404,Propagate
787286058,Propagate
788075126,Propagate
788657039,Propagate
789077984,Propagate
789127186,Chaotic
789212840,Homogeneous
789220008,Homogeneous
789530323,Chaotic
791653047,Propagate
791835934,Propagate
792686552,Chaotic
792997540,Propagate
793390229,Chaotic
793598729,Chaotic
793775990,Propagate
793907539,Complex
793943987,Complex
794131289,Propagate
794767302,Chaotic
794914732,Chaotic
794963182,Complex
795212538,Chaotic
796001824,Homogeneous
797119265,Propagate
797634211,Propagate
798112150,Complex
798126737,Propagate
798247045,Complex
799307034,Propagate
800066222,Propagate
800599144,Homogeneous
800833595,Stable
801183509,Propagate
801866578,Propagate
802085247,Chaotic
802338724,Propagate
804042824,Homogeneous
804317747,Propagate
804624096,Propagate
805440272,Homogeneous
805660882,Complex
805839136,Propagate
806062913,Chaotic
806402242,Propagate
806876535,Stable
807102805,Complex
807242372,Chaotic
808626444,Complex
808982317,Chaotic
809858536,Stable
809896584,Homogeneous
810255760,Chaotic
811029017,Propagate
811316552,Complex
811698516,Chaotic
812369044,Complex
812739029,Stable
812934878,Stable
813567760,Homogeneous
814136249,Chaotic
814620441,Propagate
814734164,Chaotic
814851883,Propagate
814885166,Propagate
815605132,Propagate
815740789,Stable
815920853,Stable
816260292,Propagate
816382125,Complex
816610683,Chaotic
816740701,Chaotic
816941039,Propagate
817257264,Propagate
817718201,Stable
817804383,Propagate
818665301,Chaotic
818686656,Homogeneous
818867245,Complex
819200400,Homogeneous
819965687,Propagate
820353080,Complex
820581106,Stable
820822080,Homogeneous
821756500,Stable
821831296,Homogeneous
821946431,Propagate
822649056,Homogeneous
822662216,Propagate
822753977,Complex
822873088,Homogeneous
822966027,Propagate
823494903,Propagate
823946934,Chaotic
824851549,Complex
825113187,Chaotic
825800276,Propagate
825873196,Complex
825976260,Chaotic
826305102,Complex
826322891,Propagate
826803712,Homogeneous
826817008,Propagate
827143233,Propagate
827254959,Chaotic
829486135,Stable
829573988,Chaotic
829794091,Chaotic
830410159,Stable
831698558,Stable
831769172,Chaotic
831788924,Chaotic
832787576,Stable
832841376,Homogeneous
833562472,Chaotic
833602498,Chaotic
833650994,Propagate
833728665,Propagate
835092972,Chaotic
835390857,Complex
836091606,Propagate
837171201,Chaotic
837795574,Chaotic
838368928,Propagate
838429085,Chaotic
841052710,Propagate
843964969,Chaotic
844209627,Complex
844512424,Propagate
844555869,Propagate
844656657,Stable
845726594,Propagate
845727987,Complex
845961490,Chaotic
846259450,Stable
847273608,Homogeneous
847924832,Homogeneous
848900262,Chaotic
849627058,Propagate
850011952,Homogeneous
850332934,Chaotic
850345414,Chaotic
850776097,Propagate
851025253,Chaotic
851501108,Homogeneous
851514331,Chaotic
851805091,Chaotic
851819913,Propagate
852212981,Chaotic
852773692,Chaotic
853009442,Complex
853988942,Chaotic
854001193,Chaotic
854116533,Chaotic
854316681,Chaotic
854826486,Stable
855007609,Stable
855022531,Propagate
855256552,Complex
855417364,Propagate
855630484,Stable
855686918,Propagate
856028393,Chaotic
856242836,Chaotic
856247605,Propagate
857158768,Complex
857327066,Chaotic
858116600,Chaotic
859253040,Propagate
860745813,Chaotic
861506923,Chaotic
861762849,Propagate
861897731,Propagate
862235347,Complex
862327568,Propagate
862407093,Complex
862881628,Chaotic
863032852,Propagate
863937247,Propagate
864036340,Chaotic
864262999,Chaotic
864275452,Chaotic
864594048,Homogeneous
865147366,Chaotic
865842302,Chaotic
865947338,Chaotic
866960146,Chaotic
867108379,Propagate
867117190,Stable
869059455,Chaotic
869135589,Stable
869315716,Propagate
869573639,Chaotic
869639011,Propagate
869807768,Chaotic
870221063,Propagate
871655168,Propagate
872240723,Propagate
872712496,Homogeneous
872961683,Chaotic
873475592,Homogeneous
874275988,Stable
874443787,Chaotic
874574733,Propagate
874782752,Homogeneous
875181842,Propagate
875415808,Propagate
876244738,Complex
876295003,Propagate
876481113,Complex
876535258,Chaotic
876716131,Chaotic
876962530,Chaotic
876968908,Complex
877107620,Chaotic
877286584,Stable
878219724,Chaotic
879247650,Propagate
879282516,Stable
880043310,Complex
880152641,Stable
882549520,Homogeneous
883535681,Complex
883699023,Complex
884519496,Homogeneous
884762364,Stable
885792460,Propagate
885870541,Propagate
886189370,Chaotic
886256563,Complex
887339608,Complex
887358624,Homogeneous
887746390,Stable
887846474,Complex
888083202,Propagate
888173135,Stable
888346940,Complex
889010669,Chaotic
889055821,Chaotic
889437306,Chaotic
889945011,Complex
890042662,Chaotic
890100049,Complex
890466113,Propagate
890812888,Propagate
892076165,Propagate
892442253,Chaotic
893483210,Chaotic
895207360,Chaotic
895366567,Chaotic
895730086,Chaotic
895799201,Propagate
896050378,Chaotic
896156370,Propagate
896765839,Propagate
897352088,Complex
898791851,Chaotic
899029293,Chaotic
899765273,Stable
899825838,Complex
900607190,Complex
900674993,Stable
901372809,Chaotic
901445509,Stable
902271852,Chaotic
902434339,Complex
902727745,Complex
902881153,Propagate
904626516,Chaotic
904647469,Propagate
905255473,Complex
905389260,Propagate
905817327,Propagate
906164396,Propagate
906199588,Stable
906346324,Propagate
906540064,Homogeneous
907446513,Complex
908114464,Homogeneous
908896832,Homogeneous
909074012,Chaotic
909374139,Propagate
909595773,Stable
909666337,Complex
909936975,Complex
910535907,Chaotic
911047815,Chaotic
911339084,Propagate
911345605,Propagate
911439095,Propagate
911517112,Complex
911796743,Chaotic
912088010,Chaotic
912727652,Propagate
913224047,Chaotic
913307250,Chaotic
915075465,Chaotic
915490795,Stable
915643137,Propagate
915976742,Chaotic
916961820,Chaotic
917364322,Chaotic
917391655,Chaotic
917840538,Complex
917946888,Homogeneous
918037633,Chaotic
918603153,Propagate
918629568,Propagate
918920620,Propagate
919252160,Homogeneous
919613017,Chaotic
920140090,Chaotic
920458663,Chaotic
920528313,Chaotic
920672280,Stable
921046144,Homogeneous
921514935,Propagate
921852356,Chaotic
922656221,Chaotic
923728664,Propagate
924075680,Homogeneous
924688494,Complex
924749542,Chaotic
924765563,Chaotic
924924403,Propagate
925004793,Propagate
925009952,Homogeneous
925490433,Propagate
925668979,Chaotic
926364989,Propagate
926588432,Propagate
927763456,Homogeneous
928139504,Stable
929346862,Chaotic
929364954,Complex
929819720,Complex
931939732,Complex
933166190,Chaotic
933410233,Complex
933523075,Propagate
933790376,Homogeneous
934998494,Chaotic
935018220,Complex
936149773,Stable
936150587,Chaotic
937276772,Chaotic
938180437,Propagate
939042955,Chaotic
939403481,Chaotic
939626448,Propagate
939738238,Propagate
939915527,Chaotic
939967653,Complex
940195488,Homogeneous
940617318,Chaotic
941068104,Propagate
941114128,Homogeneous
941130720,Propagate
941630164,Propagate
941672552,Propagate
941975480,Chaotic
942408767,Propagate
943239974,Propagate
943325953,Complex
943897946,Chaotic
945122136,Chaotic
945433284,Propagate
945826486,Propagate
946101046,Complex
946785248,Chaotic
947206476,Propagate
947594424,Chaotic
948071968,Homogeneous
948274164,Chaotic
948854304,Homogeneous
949210624,Propagate
949377497,Chaotic
949780956,Propagate
950764876,Propagate
951009793,Propagate
951184742,Chaotic
951749308,Propagate
951988729,Stable
953047072,Homogeneous
953059976,Homogeneous
953990567,Propagate
953991455,Complex
955189570,Propagate
955298312,Homogeneous
955345537,Chaotic
955638721,Stable
956364909,Stable
956859206,Complex
957004112,Propagate
957197142,Chaotic
957449367,Chaotic
957883308,Chaotic
958682846,Chaotic
958801032,Homogeneous
958833901,Complex
960541687,Stable
960858046,Chaotic
962286664,Propagate
963026855,Chaotic
963152223,Propagate
963341909,Complex
964824319,Stable
965067727,Propagate
965081954,Chaotic
965317233,Chaotic
965549222,Stable
966004775,Complex
966382254,Chaotic
966600933,Chaotic
967079015,Chaotic
967396991,Propagate
967762386,Chaotic
968204228,Chaotic
969007714,Propagate
969318858,Propagate
972253956,Propagate
973876811,Chaotic
973908136,Homogeneous
974926082,Chaotic
975954031,Propagate
976731777,Propagate
977032766,Propagate
977046129,Stable
977421992,Homogeneous
977515194,Propagate
977581611,Chaotic
978008106,Propagate
978748732,Chaotic
978815630,Propagate
979763535,Complex
981150307,Propagate
981211656,Homogeneous
981595014,Propagate
981683570,Chaotic
981809647,Chaotic
982076381,Chaotic
982229789,Propagate
982438648,Stable
983222878,Chaotic
983297492,Complex
983753977,Complex
984032715,Chaotic
984982403,Chaotic
986751781,Chaotic
986775925,Complex
987308359,Chaotic
987326638,Chaotic
988335251,Chaotic
988350974,Propagate
989072272,Homogeneous
989759644,Propagate
990153355,Chaotic
990602136,Chaotic
990864929,Propagate
991097359,Propagate
991741564,Chaotic
992007156,Propagate
992383318,Chaotic
992968394,Chaotic
993260504,Propagate
994182853,Propagate
994260672,Propagate
994906348,Propagate
995475772,Complex
995864472,Chaotic
996394480,Chaotic
997241761,Propagate
997362094,Propagate
997489600,Propagate
997755750,Propagate
998761763,Complex
999100022,Chaotic
999270936,Propagate
999829240,Propagate
1000503056,Propagate
1001180886,Chaotic
1001462689,Propagate
1001759367,Complex
1001781724,Propagate
1001923581,Propagate
1001998574,Complex
1002076374,Chaotic
1002547591,Complex
1003025622,Chaotic
1003143045,Propagate
1003776306,Complex
1004257438,Propagate
1004667352,Chaotic
1006806725,Complex
1007142260,Chaotic
1007176747,Propagate
1007253549,Propagate
1007336072,Homogeneous
1008330525,Chaotic
1008458444,Chaotic
1008752943,Propagate
1009143107,Complex
1009450056,Homogeneous
1009493611,Chaotic
1010119389,Chaotic
1010193046,Chaotic
1010526610,Complex
1011787328,Homogeneous
1012240244,Complex
1012389557,Chaotic
1012685108,Stable
1013088529,Chaotic
1013155915,Chaotic
1014096062,Stable
1014249356,Complex
1015213755,Propagate
1015242176,Propagate
1015353076,Chaotic
1016585611,Propagate
1016779084,Chaotic
1017040875,Chaotic
1018790736,Propagate
1018907555,Complex
1019149856,Homogeneous
1019524019,Chaotic
1019829210,Chaotic
1021565968,Chaotic
1021839904,Homogeneous
1022222125,Complex
1022515706,Stable
1024029981,Propagate
1024542722,Propagate
1025148381,Chaotic
1025383880,Propagate
1025662000,Propagate
1025780724,Chaotic
1026385607,Propagate
1026531486,Propagate
1026589147,Chaotic
1026738981,Chaotic
1027010684,Propagate
1027553177,Chaotic
1027774780,Chaotic
1028439863,Propagate
1028735462,Chaotic
1029378818,Propagate
1030213097,Chaotic
1030492103,Complex
1030884273,Propagate
1031405399,Propagate
1031841089,Propagate
1032183433,Stable
1032858381,Chaotic
1033022088,Homogeneous
1034210919,Chaotic
1034356087,Propagate
1034535593,Complex
1034573869,Chaotic
1035205063,Propagate
1036173237,Chaotic
1036616336,Propagate
1036623989,Chaotic
1036752201,Propagate
1037884616,Chaotic
1038021604,Chaotic
1038056380,Propagate
1038575506,Complex
1039284624,Propagate
1039659429,Complex
1040388907,Propagate
1040560329,Propagate
1040592384,Homogeneous
1041003702,Chaotic
1041245844,Homogeneous
1041689039,Propagate
1042565120,Homogeneous
1042707223,Propagate
1042832732,Propagate
1043030161,Chaotic
1043453055,Propagate
1043665192,Complex
1044827164,Propagate
1044987715,Chaotic
1045136084,Chaotic
1046816259,Propagate
1047385483,Complex
1047515807,Chaotic
1047639468,Propagate
1047840763,Chaotic
1047905204,Chaotic
1047957024,Homogeneous
1048378012,Chaotic
1048819999,Propagate
1049043855,Complex
1049193572,Propagate
1049683464,Homogeneous
1049960861,Chaotic
1050313616,Homogeneous
1051454923,Propagate
1051582110,Propagate
1051590706,Propagate
1051616256,Homogeneous
1051802512,Propagate
1052125194,Propagate
1052155242,Chaotic
1052263988,Homogeneous
1053075616,Homogeneous
1053151871,Chaotic
1053450612,Stable
1053485195,Propagate
1053778986,Chaotic
1053985026,Chaotic
1054129308,Propagate
1054393708,Chaotic
1054626816,Homogeneous
1055595525,Chaotic
1055851790,Propagate
1055929344,Homogeneous
1055999644,Chaotic
1056187720,Propagate
1057486868,Propagate
1057926839,Propagate
1058160984,Propagate
1059257080,Propagate
1060163125,Propagate
1061644001,Complex
1061886576,Complex
1061919522,Propagate
1062073697,Propagate
1062210626,Propagate
1062381672,Stable
1062595411,Propagate
1062874313,Stable
1064044250,Stable
1064280453,Propagate
1064746525,Chaotic
1065114024,Chaotic
1065870178,Chaotic
1065972034,Chaotic
1066067237,Complex
1067400218,Propagate
1067698753,Propagate
1067699129,Propagate
1067757480,Propagate
1067964099,Chaotic
1067966664,Chaotic
1067970820,Stable
1068216233,Propagate
1068515723,Propagate
1069191634,Propagate
1069452700,Propagate
1069476319,Propagate
1069849615,Propagate
1069866682,Complex
1070019295,Stable
1070059184,Complex
1070107045,Stable
1070298438,Propagate
1070397406,Propagate
1070816534,Propagate
1071197900,Propagate
1071722055,Propagate
1072308085,Complex
1072453023,Propagate
1072658001,Propagate
1072788553,Propagate
1072910527,Stable
1074120371,Chaotic
1074163698,Chaotic
1074209827,Propagate
1074223198,Propagate
1074554647,Stable
1075321966,Propagate
1075577006,Propagate
1076099836,Propagate
1076433900,Complex
1076486396,Propagate
1077274719,Propagate
1077844749,Chaotic
1078557553,Complex
1078885381,Propagate
1079017857,Chaotic
1079203231,Propagate
1079294612,Propagate
1079471959,Stable
1079770569,Chaotic
1079815404,Propagate
1080422351,Propagate
1081054017,Propagate
1081056969,Complex
1081783878,Propagate
1083321104,Homogeneous
1083412011,Propagate
1083474320,Homogeneous
1083497965,Propagate
1083982944,Homogeneous
1084044802,Chaotic
1084386400,Homogeneous
1085162930,Propagate
1086019243,Chaotic
1086107521,Propagate
1087419008,Homogeneous
1089540133,Propagate
1090824373,Chaotic
1091084384,Homogeneous
1091163801,Chaotic
1091287072,Propagate
1091400640,Propagate
1092557341,Propagate
1093912662,Chaotic
1094024844,Chaotic
1094054696,Chaotic
1094319063,Propagate
1095533200,Stable
1095706256,Complex
1096116341,Propagate
1096619850,Chaotic
1096871807,Propagate
1097227036,Chaotic
1097813449,Propagate
1097949672,Stable
1098069826,Propagate
1098715677,Propagate
1099108429,Propagate
1100271303,Propagate
1100558303,Propagate
1101430392,Complex
1101497900,Chaotic
1101534352,Stable
1101831044,Complex
1102247083,Chaotic
1103171396,Propagate
1103678092,Propagate
1104079659,Propagate
1104316156,Complex
1104333069,Chaotic
1104649539,Chaotic
1104822847,Propagate
1105467584,Homogeneous
1105680557,Chaotic
1106847718,Chaotic
1106956950,Chaotic
1107823408,Homogeneous
1108379381,Chaotic
1108540958,Propagate
1108903637,Chaotic
1109615163,Propagate
1109661763,Propagate
1109846016,Homogeneous
1110069256,Homogeneous
1110105986,Propagate
1110874184,Homogeneous
1110988740,Chaotic
1112516105,Propagate
1113059774,Chaotic
1113208210,Chaotic
1113219231,Complex
1113451152,Propagate
1114561032,Homogeneous
1114919936,Homogeneous
1115855012,Propagate
1116417307,Chaotic
1117362852,Complex
1117795127,Propagate
1118726699,Propagate
1119980130,Propagate
1120273072,Stable
1121059188,Homogeneous
1121167429,Chaotic
1121322632,Homogeneous
1121373020,Propagate
1121910732,Propagate
1122711035,Complex
1122761467,Propagate
1122873370,Chaotic
1123157524,Homogeneous
1124412680,Propagate
1125089309,Complex
1125137088,Propagate
1125208464,Propagate
1125540733,Stable
1125974687,Propagate
1126237838,Complex
1126375349,Stable
1127768336,Propagate
1128176067,Chaotic
1128466620,Chaotic
1128665669,Chaotic
1129426455,Chaotic
1130031673,Complex
1130629319,Complex
1131021141,Complex
1131247330,Chaotic
1131598001,Stable
1132597945,Chaotic
1133802047,Chaotic
1133802214,Complex
1134085568,Propagate
1135068296,Propagate
1135334729,Chaotic
1135441743,Propagate
1135829040,Stable
1135840948,Complex
1136108454,Complex
1136253459,Chaotic
1136646449,Chaotic
1136858424,Chaotic
1137482934,Chaotic
1137651678,Chaotic
1137775408,Propagate
1137953270,Complex
1138264176,Stable
1138409539,Complex
1138722478,Complex
1139027119,Propagate
1139038460,Complex
1139253888,Propagate
1139763348,Chaotic
1140169349,Chaotic
1140721815,Complex
1140805649,Propagate
1140882778,Stable
1141289544,Homogeneous
1142384150,Stable
1142426240,Homogeneous
1142483918,Complex
1143081360,Homogeneous
1143599944,Propagate
1143996451,Propagate
1144292884,Homogeneous
1144693434,Propagate
1145567411,Chaotic
1145751395,Stable
1145921803,Propagate
1146005448,Propagate
1146660997,Chaotic
1146952524,Chaotic
1146997816,Propagate
1147116927,Propagate
1147250514,Complex
1147497835,Propagate
1147676469,Stable
1148209517,Complex
1148413128,Propagate
1148650250,Chaotic
1149451684,Propagate
1149786003,Propagate
1149938334,Propagate
1150127228,Propagate
1150434920,Homogeneous
1150815905,Chaotic
1151348025,Chaotic
1151481337,Complex
1151729029,Propagate
1152750071,Chaotic
1153366698,Chaotic
1153403195,Chaotic
1154261684,Homogeneous
1154678238,Propagate
1156865007,Chaotic
1157541038,Propagate
1157588592,Propagate
1157614514,Propagate
1158932900,Propagate
1159047753,Chaotic
1159417075,Complex
1159952101,Chaotic
1159995046,Chaotic
1160692746,Propagate
1160985661,Chaotic
1162172762,Chaotic
1162409001,Complex
1162425087,Propagate
1163577186,Complex
1166431049,Chaotic
1167007513,Stable
1167281980,Chaotic
1168090743,Propagate
1169064000,Homogeneous
1169288485,Chaotic
1169428430,Chaotic
1169726681,Propagate
1169780452,Chaotic
1170496062,Chaotic
1170907779,Complex
1171362100,Complex
1171596564,Propagate
1171917659,Propagate
1172248246,Chaotic
1173568434,Chaotic
1173776302,Complex
1173843258,Chaotic
1174350979,Propagate
1174826048,Homogeneous
1176767081,Chaotic
1178125854,Propagate
1178158203,Chaotic
1178415734,Chaotic
1178884276,Stable
1179387055,Complex
1180182928,Homogeneous
1180740695,Chaotic
1180786167,Stable
1180815479,Propagate
1181050559,Complex
1181241943,Complex
1183422768,Complex
1183828540,Chaotic
1184294464,Homogeneous
1185089562,Propagate
1186473561,Chaotic
1186564497,Chaotic
1186623398,Chaotic
1186761089,Chaotic
1187556862,Propagate
1188332531,Complex
1188986135,Propagate
1188994961,Chaotic
1189232517,Propagate
1189497056,Homogeneous
1189920808,Homogeneous
1191043170,Propagate
1191263782,Stable
1192383506,Propagate
1193448329,Propagate
1193557249,Propagate
1193887545,Chaotic
1194187673,Chaotic
1194570986,Chaotic
1194673401,Chaotic
1194819984,Propagate
1195103064,Chaotic
1195994882,Propagate
1196050747,Chaotic
1196342297,Propagate
1196591018,Complex
1197987692,Stable
1198832728,Complex
1200813145,Chaotic
1200987379,Chaotic
1201124041,Chaotic
1201474778,Stable
1202505984,Propagate
1202852928,Homogeneous
1203701630,Propagate
1204620095,Propagate
1204948576,Homogeneous
1205936533,Chaotic
1205971164,Chaotic
1206340293,Propagate
1207292549,Chaotic
1207339168,Stable
1207891036,Complex
1208231530,Propagate
1210133979,Chaotic
1210878122,Propagate
1211403776,Homogeneous
1211630376,Propagate
1211999857,Chaotic
1212159507,Chaotic
1212258823,Chaotic
1213198103,Propagate
1213205664,Homogeneous
1213556774,Propagate
1213605186,Propagate
1213742213,Complex
1214266162,Propagate
1214267476,Propagate
1214761983,Propagate
1214784185,Stable
1214808095,Propagate
1215470157,Chaotic
1216032260,Chaotic
1216586907,Chaotic
1216809918,Complex
1217088017,Chaotic
1218166021,Propagate
1218817030,Propagate
1218853328,Stable
1218981376,Homogeneous
1219382452,Homogeneous
1219629791,Chaotic
1219960098,Chaotic
1220190992,Homogeneous
1220243002,Propagate
1220724718,Propagate
1221177082,Propagate
1221228113,Chaotic
1221440387,Complex
1221528131,Propagate
1221946575,Propagate
1223458578,Complex
1223647615,Propagate
1223964017,Stable
1224011538,Propagate
1225136114,Chaotic
1225420598,Propagate
1225804649,Complex
1226663262,Chaotic
1226679167,Propagate
1227193073,Stable
1227572290,Complex
1228359673,Complex
1228456519,Chaotic
1228866902,Propagate
1229194523,Propagate
1229471424,Homogeneous
1229587879,Stable
1229662652,Chaotic
1230573066,Chaotic
1230647753,Complex
1230968049,Chaotic
1232285036,Complex
1233140351,Chaotic
1233367319,Propagate
1233750645,Chaotic
1234283419,Chaotic
1234496106,Chaotic
1235368585,Complex
1235643456,Homogeneous
1236051104,Homogeneous
1236348405,Stable
1237075775,Complex
1237401063,Propagate
1237886015,Chaotic
1237908139,Propagate
1238220487,Complex
1238669521,Propagate
1239143752,Propagate
1239573053,Propagate
1240281230,Propagate
1240780560,Propagate
1241101370,Stable
1242433024,Homogeneous
1242911821,Propagate
1243136192,Homogeneous
1243272412,Complex
1243327316,Chaotic
1243615951,Complex
1244160096,Homogeneous
1244292104,Homogeneous
1244575360,Homogeneous
1244736009,Complex
1244869718,Chaotic
1245125263,Propagate
1245301667,Propagate
1245937072,Chaotic
1247198246,Propagate
1247275689,Chaotic
1249026328,Propagate
1249961849,Chaotic
1250035872,Homogeneous
1250295271,Chaotic
1250419436,Complex
1250735462,Chaotic
1250949136,Propagate
1251251300,Stable
1252058239,Propagate
1252714395,Chaotic
1252797748,Homogeneous
1252983163,Chaotic
1253535854,Stable
1254594181,Stable
1254717325,Propagate
1254890804,Homogeneous
1255441457,Chaotic
1255747226,Propagate
1257639072,Homogeneous
1257691634,Propagate
1257706884,Complex
1257709689,Stable
1258974912,Homogeneous
1259191105,Propagate
1260005019,Chaotic
1260014759,Chaotic
1260303728,Propagate
1260516177,Propagate
1260573448,Propagate
1260775680,Propagate
1260848965,Propagate
1261333825,Chaotic
1262456922,Complex
1262759040,Homogeneous
1263732197,Complex
1265030870,Complex
1267489756,Propagate
1267622868,Chaotic
1268006448,Stable
1268638628,Complex
1268951200,Homogeneous
1269087555,Chaotic
1269151420,Chaotic
1269636574,Chaotic
1269710255,Propagate
1269829408,Propagate
1269838032,Stable
1270762239,Chaotic
1270881722,Chaotic
1271197376,Homogeneous
1272201920,Homogeneous
1272293429,Chaotic
1272368870,Propagate
1273024219,Propagate
1273729595,Propagate
1274350418,Propagate
1274975742,Chaotic
1275231744,Homogeneous
1275233844,Homogeneous
1275333745,Complex
1276366280,Complex
1277108571,Chaotic
1277121963,Chaotic
1277708416,Homogeneous
1277959117,Chaotic
1278225997,Propagate
1278361494,Chaotic
1278657204,Homogeneous
1280170012,Propagate
1280623123,Chaotic
1281431342,Chaotic
1281509812,Homogeneous
1281810600,Propagate
1281913577,Complex
1282287615,Propagate
1282409105,Chaotic
1282531582,Propagate
1282549952,Homogeneous
1282648386,Chaotic
1282695808,Homogeneous
1282796011,Complex
1282960027,Chaotic
1283500096,Homogeneous
1284108697,Propagate
1284699693,Propagate
1284857706,Complex
1284908336,Homogeneous
1285369677,Propagate
1285378818,Chaotic
1285393372,Propagate
1285821930,Chaotic
1285852768,Homogeneous
1286196999,Complex
1287757616,Propagate
1288477634,Complex
1289128567,Chaotic
1289410176,Homogeneous
1289744436,Chaotic
1289874320,Propagate
1290138677,Chaotic
1290986384,Homogeneous
1291743707,Chaotic
1291975552,Propagate
1292112479,Propagate
1292209013,Complex
1292399003,Propagate
1292569882,Complex
1293927430,Propagate
1294188245,Propagate
1294788046,Propagate
1294973760,Complex
1295194009,Propagate
1295258785,Chaotic
1295287749,Chaotic
1296568567,Complex
1296608949,Stable
1297407104,Propagate
1297602688,Propagate
1297813501,Propagate
1297896903,Propagate
1297998556,Complex
1298229437,Chaotic
1299038497,Propagate
1299301222,Propagate
1299437891,Propagate
1300326788,Propagate
1301040382,Propagate
1301499620,Propagate
1302967293,Chaotic
1304466623,Propagate
1304515156,Chaotic
1304788554,Propagate
1304963614,Chaotic
1305132983,Complex
1305646276,Propagate
1305692952,Propagate
1305699173,Complex
1306061701,Propagate
1306322534,Chaotic
1307235909,Propagate
1307352672,Homogeneous
1308878268,Complex
1310784794,Complex
1311304877,Propagate
1311431392,Homogeneous
1311598149,Propagate
1312745152,Homogeneous
1313201763,Propagate
1313979758,Complex
1315144891,Chaotic
1315818089,Propagate
1315975045,Propagate
1316010351,Chaotic
1316439640,Propagate
1316460133,Complex
1316935719,Propagate
1317295710,Propagate
1317475434,Complex
1318631501,Complex
1318795523,Complex
1319194898,Chaotic
1319535328,Homogeneous
1319647474,Propagate
1319697633,Propagate
1320158484,Homogeneous
1320763135,Propagate
1320907431,Chaotic
1321182659,Complex
1322592250,Chaotic
1322906692,Complex
1322988471,Chaotic
1323959527,Complex
1324195107,Chaotic
1324485632,Homogeneous
1324649984,Homogeneous
1326479782,Propagate
1326504494,Chaotic
1326733740,Chaotic
1326856608,Propagate
1327222976,Propagate
1327395919,Complex
1327703264,Propagate
1327912763,Propagate
1328244694,Chaotic
1328367510,Chaotic
1330252855,Chaotic
1330317306,Stable
1330442824,Homogeneous
1330517160,Homogeneous
1330553490,Complex
1330795968,Propagate
1331201312,Propagate
1331656767,Stable
1331807213,Propagate
1332336534,Chaotic
1332434573,Chaotic
1333241445,Chaotic
1333748375,Propagate
1334661688,Chaotic
1334904263,Propagate
1335353876,Complex
1335427610,Complex
1335901990,Propagate
1337325187,Propagate
1338811290,Chaotic
1339018646,Propagate
1339327436,Propagate
1339379907,Propagate
1339846171,Complex
1340020746,Propagate
1340500231,Complex
1341114607,Propagate
1341610464,Propagate
1342303391,Chaotic
1342582440,Homogeneous
1342725152,Homogeneous
1342944193,Chaotic
1344313341,Complex
1344480148,Chaotic
1345239226,Propagate
1345278514,Propagate
1345468211,Propagate
1346043543,Complex
1346129992,Homogeneous
1346546019,Propagate
1346922426,Chaotic
1347233823,Complex
1348132956,Propagate
1348217777,Chaotic
1348257414,Propagate
1348293258,Chaotic
1348733524,Propagate
1348961081,Chaotic
1349409434,Complex
1349594644,Chaotic
1349822656,Stable
1350840898,Propagate
1351371402,Propagate
1351531223,Complex
1351696483,Chaotic
1351790231,Chaotic
1351816659,Stable
1352641274,Chaotic
1352880976,Chaotic
1353509958,Propagate
1354226240,Chaotic
1354856987,Chaotic
1354860540,Propagate
1355172685,Complex
1355268102,Propagate
1355412391,Stable
1355774992,Propagate
1355863875,Stable
1356213572,Propagate
1357161096,Homogeneous
1357777960,Homogeneous
1357970698,Complex
1358014457,Stable
1358135617,Complex
1358798143,Propagate
1359280203,Chaotic
1359508555,Chaotic
1360049298,Stable
1361154570,Chaotic
1362445302,Chaotic
1362652947,Propagate
1362784338,Stable
1363237835,Stable
1363673506,Propagate
1364066983,Chaotic
1364122388,Chaotic
1364182599,Propagate
1365017201,Chaotic
1365300905,Chaotic
1366556920,Propagate
1366759953,Propagate
1367393108,Propagate
1369133661,Chaotic
1369445168,Propagate
1369705024,Homogeneous
1370148607,Chaotic
1371053918,Chaotic
1371114670,Chaotic
1371445254,Propagate
1371495421,Propagate
1371591319,Stable
1371702007,Complex
1372110319,Chaotic
1372838017,Complex
1372843743,Propagate
1373142116,Complex
1373628597,Complex
1373870979,Propagate
1374323296,Homogeneous
1374482660,Propagate
1375108776,Chaotic
1375163157,Propagate
1376286076,Chaotic
1376598950,Complex
1376703424,Complex
1377792018,Propagate
1378665776,Homogeneous
1378783471,Chaotic
1378934717,Propagate
1379060283,Propagate
1380497969,Chaotic
1380566251,Chaotic
1382023198,Propagate
1382813570,Propagate
1383146204,Propagate
1383653716,Stable
1384049914,Complex
1384177509,Chaotic
1384287616,Stable
1384360647,Propagate
1385146113,Propagate
1385518320,Stable
1386084835,Complex
1386748448,Homogeneous
1387032584,Homogeneous
1387170719,Propagate
1387393157,Complex
1387602939,Propagate
1387614540,Complex
1387887933,Chaotic
1387953649,Chaotic
1388450337,Complex
1389133132,Propagate
1389888544,Homogeneous
1390541744,Complex
1390753746,Stable
1390774586,Chaotic
1390911986,Propagate
1392150687,Propagate
1392220792,Complex
1392239675,Propagate
1392783743,Stable
1393178591,Stable
1393661784,Chaotic
1393776546,Chaotic
1393827487,Propagate
1393955449,Chaotic
1394369962,Chaotic
1394947291,Propagate
1395709893,Complex
1395925222,Stable
1396126561,Propagate
1397402968,Complex
1397621670,Chaotic
1397729258,Chaotic
1398143259,Complex
1398517029,Chaotic
1398530988,Chaotic
1398917960,Propagate
1399132103,Propagate
1400097068,Chaotic
1400944900,Chaotic
1403247962,Complex
1403292641,Propagate
1403323442,Complex
1403792057,Chaotic
1404344520,Propagate
1404486528,Propagate
1405152746,Chaotic
1405457263,Chaotic
1405487654,Propagate
1405969000,Complex
1407637962,Chaotic
1407704745,Chaotic
1408595486,Chaotic
1408627782,Stable
1408776235,Stable
1409047145,Propagate
1409445690,Propagate
1409874348,Propagate
1409964801,Propagate
1410353695,Propagate
1410421452,Chaotic
1410564528,Stable
1410572201,Chaotic
1410648186,Complex
1411175237,Chaotic
1411178445,Propagate
1412121774,Complex
1412896875,Complex
1414395100,Propagate
1414491203,Propagate
1414499056,Chaotic
1415286941,Chaotic
1416491387,Stable
1416495962,Chaotic
1416878696,Chaotic
1416967535,Stable
1417275693,Chaotic
1418198351,Propagate
1418576404,Complex
1419179580,Propagate
1419340007,Chaotic
1419551504,Homogeneous
1419814385,Stable
1420296784,Stable
1420384989,Chaotic
1420737819,Chaotic
1421124738,Propagate
1421219898,Propagate
1421575968,Propagate
1421956451,Propagate
1422277848,Propagate
1422490316,Complex
1423380784,Chaotic
1423798204,Chaotic
1423963137,Propagate
1424041769,Chaotic
1424234496,Homogeneous
1424982299,Chaotic
1425906387,Stable
1426490582,Propagate
1426725702,Chaotic
1427215209,Complex
1427704476,Chaotic
1427818730,Complex
1427838924,Complex
1428485908,Propagate
1429450048,Propagate
1429504292,Propagate
1429803712,Propagate
1430200738,Chaotic
1430338760,Complex
1430866415,Propagate
1431511445,Complex
1431548670,Stable
1431938815,Chaotic
1432614422,Propagate
1432740381,Chaotic
1433874375,Propagate
1434416316,Chaotic
1436314384,Propagate
1436833090,Propagate
1437775593,Chaotic
1438023630,Chaotic
1438110197,Stable
1438436760,Complex
1438981858,Propagate
1439622619,Propagate
1439705918,Chaotic
1440179352,Chaotic
1440336167,Chaotic
1441200730,Stable
1441364898,Chaotic
1441663152,Stable
1441950630,Chaotic
1442069299,Complex
1442454200,Chaotic
1442983410,Propagate
1443665390,Stable
1443725975,Chaotic
1444048879,Stable
1444812497,Stable
1445662585,Chaotic
1446015342,Complex
1446031368,Homogeneous
1446070459,Propagate
1446823896,Propagate
1447217672,Homogeneous
1447574600,Homogeneous
1447667018,Chaotic
1447821460,Homogeneous
1448333593,Complex
1448485032,Stable
1449009856,Homogeneous
1449023043,Complex
1449553823,Stable
1449951252,Homogeneous
1450084177,Chaotic
1450104890,Chaotic
1450655141,Chaotic
1452066459,Propagate
1452202989,Chaotic
1452430163,Propagate
1452803111,Chaotic
1453049094,Chaotic
1453239258,Chaotic
1453359680,Homogeneous
1453659960,Chaotic
1453682848,Propagate
1453757992,Propagate
1453855904,Homogeneous
1453974560,Propagate
1454109425,Chaotic
1454454716,Complex
1454770940,Complex
1454804260,Stable
1455094093,Chaotic
1455411720,Complex
1455868684,Chaotic
1455913188,Chaotic
1457005007,Chaotic
1457293575,Complex
1457765590,Complex
1458217729,Propagate
1458652310,Chaotic
1459246080,Homogeneous
1459474154,Chaotic
1459753033,Chaotic
1460532521,Propagate
1460567149,Complex
1461042543,Stable
1461364854,Chaotic
1461744198,Propagate
1462184576,Propagate
1463012119,Propagate
1463035240,Propagate
1463320861,Propagate
1463643728,Chaotic
1463808954,Propagate
1464698897,Complex
1465576748,Stable
1465635560,Chaotic
1465931516,Stable
1466496930,Chaotic
1466838677,Chaotic
1466990855,Propagate
1467107032,Chaotic
1467330034,Chaotic
1468405303,Propagate
1468736550,Propagate
1469168446,Propagate
1469196296,Homogeneous
1471043952,Propagate
1471719552,Homogeneous
1472659626,Propagate
1472849340,Propagate
1472887119,Chaotic
1473679168,Propagate
1473878391,Chaotic
1475256285,Chaotic
1475290536,Chaotic
1476000756,Propagate
1476301323,Complex
1476426754,Propagate
1476846083,Propagate
1477278577,Chaotic
1478507523,Complex
1478546277,Propagate
1479077920,Homogeneous
1479120892,Chaotic
1479805043,Stable
1482070683,Chaotic
1482296058,Propagate
1482929283,Chaotic
1484193033,Chaotic
1484321289,Complex
1484714820,Chaotic
1484807240,Homogeneous
1486324917,Chaotic
1486354433,Propagate
1486490315,Chaotic
1487923487,Chaotic
1488063889,Stable
1488141037,Stable
1488993140,Propagate
1489087358,Chaotic
1489109145,Stable
1489377416,Homogeneous
1489413601,Chaotic
1489633459,Chaotic
1489642274,Propagate
1489738672,Complex
1489919695,Propagate
1490536573,Propagate
1491228808,Stable
1491951200,Propagate
1492299848,Homogeneous
1492492775,Stable
1492534517,Chaotic
1493822815,Stable
1494227454,Stable
1494409836,Chaotic
1494481363,Stable
1494823041,Chaotic
1495174179,Propagate
1495663288,Stable
1496498557,Complex
1497085048,Propagate
1498981529,Stable
1499189317,Complex
1499234805,Stable
1499501014,Stable
1501771491,Propagate
1501964832,Homogeneous
1502067441,Chaotic
1503068227,Propagate
1504240457,Propagate
1504397314,Stable
1504405768,Propagate
1505221928,Chaotic
1505436401,Propagate
1505755927,Chaotic
1506645689,Chaotic
1507348839,Chaotic
1508068643,Propagate
1508129225,Chaotic
1508161137,Chaotic
1509599317,Chaotic
1510345648,Homogeneous
1510363229,Chaotic
1510408573,Chaotic
1510792572,Propagate
1510947029,Chaotic
1511014697,Chaotic
1512730208,Homogeneous
1512916561,Chaotic
1513206988,Chaotic
1513560354,Chaotic
1514452810,Complex
1514467793,Stable
1514802295,Complex
1516487452,Chaotic
1516899472,Stable
1516950880,Stable
1516955953,Chaotic
1518284638,Chaotic
1518371916,Propagate
1518389268,Propagate
1518623033,Chaotic
1518912052,Homogeneous
1519038154,Complex
1519833223,Chaotic
1521194470,Chaotic
1521589504,Stable
1521696479,Propagate
1521827340,Chaotic
1523423787,Chaotic
1523633269,Complex
1523815834,Chaotic
1523961606,Propagate
1524230328,Propagate
1524289825,Chaotic
1524373802,Chaotic
1524579021,Chaotic
1525000294,Complex
1525876051,Propagate
1526008882,Chaotic
1528584386,Propagate
1528728225,Chaotic
1528806240,Complex
1529941716,Chaotic
1530437509,Propagate
1530820770,Propagate
1530900662,Propagate
1531565226,Chaotic
1531833374,Stable
1532651136,Propagate
1532684580,Chaotic
1533265696,Propagate
1533669843,Chaotic
1533681680,Stable
1534046345,Complex
1534374621,Chaotic
1534673034,Complex
1535586471,Complex
1536037526,Chaotic
1536380082,Chaotic
1536778950,Chaotic
1537122312,Homogeneous
1537762532,Complex
1538454427,Complex
1538921673,Chaotic
1539010570,Propagate
1539306514,Chaotic
1539474198,Chaotic
1539528891,Propagate
1539570670,Chaotic
1539588337,Complex
1540592178,Complex
1541326007,Complex
1541435553,Propagate
1541717841,Propagate
1541804686,Propagate
1542514421,Stable
1542951118,Chaotic
1545001898,Chaotic
1545144200,Chaotic
1545197588,Complex
1546027228,Propagate
1546860493,Chaotic
1547601300,Propagate
1547680638,Propagate
1548386336,Homogeneous
1548725406,Propagate
1548732460,Propagate
1549165108,Homogeneous
1549451905,Chaotic
1549678624,Stable
1549850964,Stable
1549972386,Propagate
1550048434,Complex
1550068960,Homogeneous
1550770393,Chaotic
1551501966,Propagate
1551771200,Homogeneous
1551972686,Complex
1553206344,Propagate
1553210608,Stable
1553454777,Propagate
1553830525,Chaotic
1554504184,Propagate
1554762903,Propagate
1555266953,Chaotic
1555585773,Chaotic
1556411083,Stable
1557153856,Homogeneous
1557154271,Propagate
1557724698,Propagate
1557826053,Chaotic
1557924021,Complex
1558347228,Stable
1558990517,Complex
1559309260,Complex
1559764512,Homogeneous
1560803064,Propagate
1562775149,Chaotic
1563197532,Propagate
1564319318,Complex
1564601125,Chaotic
1564954242,Propagate
1565341324,Propagate
1566166314,Propagate
1566185391,Propagate
1566410384,Complex
1566719290,Chaotic
1566942273,Chaotic
1567067057,Complex
1568032146,Propagate
1568257834,Chaotic
1568996791,Propagate
1569694305,Chaotic
1569919196,Chaotic
1570771449,Stable
1570991899,Propagate
1571342656,Propagate
1571346130,Propagate
1571595904,Homogeneous
1572067538,Stable
1572327676,Complex
1572904525,Propagate
1572957480,Propagate
1573182059,Propagate
1573780891,Propagate
1576358331,Propagate
1577379185,Stable
1578820676,Propagate
1579063584,Propagate
1579398890,Chaotic
1579484125,Chaotic
1580363900,Chaotic
1580460111,Propagate
1580568745,Complex
1581566012,Propagate
1582289754,Chaotic
1582316135,Chaotic
1582860644,Stable
1583063357,Chaotic
1583117428,Stable
1583491369,Chaotic
1584094405,Propagate
1584392711,Chaotic
1584848904,Homogeneous
1584930775,Chaotic
1585152486,Propagate
1585770584,Stable
1587101556,Propagate
1587106770,Chaotic
1588711308,Propagate
1589662522,Complex
1589915144,Homogeneous
1590036919,Chaotic
1590229504,Homogeneous
1591095257,Propagate
1591323495,Chaotic
1591414076,Propagate
1591589823,Complex
1593482331,Propagate
1594017468,Propagate
1594366361,Propagate
1595113446,Propagate
1595467139,Complex
1596554023,Propagate
1596659931,Propagate
1597767367,Chaotic
1597963727,Propagate
1598305117,Propagate
1598775037,Propagate
1598853824,Propagate
1599106216,Complex
1599425997,Propagate
1599647731,Complex
1599661040,Chaotic
1600236815,Chaotic
1600839838,Chaotic
1601235403,Chaotic
1601239781,Stable
1601651746,Propagate
1601670974,Chaotic
1602207313,Chaotic
1602297017,Stable
1602340354,Propagate
1602437692,Chaotic
1602965796,Propagate
1602982696,Propagate
1603027971,Complex
1603442031,Chaotic
1603608802,Chaotic
1603613421,Complex
1603828849,Propagate
1604343577,Complex
1605735791,Chaotic
1605735922,Propagate
1605944929,Chaotic
1605947756,Chaotic
1606430428,Propagate
1606457554,Propagate
1607047727,Propagate
1607477838,Chaotic
1609208885,Complex
1609301746,Propagate
1609568879,Propagate
1609805932,Chaotic
1609930218,Propagate
1610377510,Chaotic
1610622952,Propagate
1611823260,Complex
1611931113,Chaotic
1612697573,Complex
1612957413,Propagate
1614046772,Homogeneous
1614140393,Chaotic
1614333744,Homogeneous
1614811208,Homogeneous
1615904695,Complex
1617099152,Stable
1617236084,Propagate
1617465318,Chaotic
1617691473,Chaotic
1617754989,Stable
1617988623,Propagate
1620104855,Chaotic
1622553088,Homogeneous
1623241227,Propagate
1623483919,Propagate
1623541165,Chaotic
1624042496,Homogeneous
1624449108,Chaotic
1625054381,Propagate
1625196552,Homogeneous
1625316478,Propagate
1625344096,Homogeneous
1625597389,Propagate
1625792787,Chaotic
1626203767,Propagate
1626277523,Chaotic
1626363976,Homogeneous
1626870912,Homogeneous
1626936290,Stable
1627677155,Complex
1627746667,Propagate
1627942732,Propagate
1628238707,Chaotic
1628334692,Propagate
1628411837,Chaotic
1628416575,Chaotic
1628712220,Stable
1628840992,Homogeneous
1629528232,Homogeneous
1629748727,Stable
1630377525,Chaotic
1630414781,Chaotic
1630875372,Complex
1631700488,Propagate
1631775357,Chaotic
1631781698,Propagate
1632127923,Chaotic
1632397952,Homogeneous
1632420512,Homogeneous
1632618994,Chaotic
1632629719,Stable
1633420467,Chaotic
1633711193,Stable
1633724084,Stable
1634239608,Propagate
1635736860,Chaotic
1636492037,Propagate
1636972601,Stable
1637375316,Chaotic
1637947177,Propagate
1638094790,Chaotic
1638233246,Chaotic
1638271008,Homogeneous
1638303046,Complex
1638725797,Complex
1639042338,Complex
1639240526,Chaotic
1640031113,Propagate
1640255684,Propagate
1640420243,Stable
1642081208,Propagate
1642606765,Stable
1643004186,Chaotic
1643015259,Complex
1643595867,Chaotic
1643941390,Propagate
1644518549,Propagate
1644846112,Homogeneous
1644847276,Propagate
1645011072,Homogeneous
1645124051,Chaotic
1645834419,Stable
1646062015,Chaotic
1646138208,Propagate
1646431784,Homogeneous
1646897189,Chaotic
1647246464,Homogeneous
1647489402,Stable
1647542399,Stable
1647921891,Chaotic
1648901072,Stable
1649174966,Chaotic
1649818670,Chaotic
1650215696,Homogeneous
1650410846,Chaotic
1652059435,Chaotic
1652244897,Stable
1652519630,Stable
1652563013,Propagate
1652894757,Complex
1653446842,Complex
1653532987,Propagate
1654401763,Chaotic
1654827077,Chaotic
1655135044,Chaotic
1655186443,Stable
1655187248,Homogeneous
1655427693,Propagate
1656220931,Chaotic
1656313477,Chaotic
1656784816,Homogeneous
1657009443,Propagate
1657046763,Propagate
1657347483,Chaotic
1657386881,Propagate
1657397336,Propagate
1657843949,Propagate
1657913417,Complex
1657958481,Stable
1658195603,Chaotic
1659770888,Homogeneous
1660254734,Stable
1660269468,Stable
1660970144,Homogeneous
1662100233,Propagate
1662743620,Chaotic
1663109343,Chaotic
1663279027,Chaotic
1663295915,Chaotic
1663312608,Homogeneous
1663510753,Propagate
1663545541,Complex
1663714638,Complex
1663984612,Propagate
1665443912,Homogeneous
1665836160,Homogeneous
1666158180,Chaotic
1666750223,Chaotic
1666878690,Complex
1667642497,Complex
1668311292,Stable
1669143169,Chaotic
1669221121,Propagate
1670128972,Propagate
1672255262,Chaotic
1672790155,Chaotic
1672794915,Propagate
1673283009,Complex
1674008993,Chaotic
1674336290,Propagate
1674581307,Complex
1674589382,Stable
1674979897,Chaotic
1675272192,Homogeneous
1675417273,Complex
1675848902,Stable
1676848676,Stable
1677222263,Stable
1679621328,Stable
1682348477,Chaotic
1683313778,Propagate
1683539568,Stable
1684190827,Stable
1684217249,Chaotic
1684329740,Propagate
1684526725,Chaotic
1684834336,Homogeneous
1685032495,Propagate
1685125719,Stable
1685203986,Propagate
1686955168,Homogeneous
1687953684,Homogeneous
1688734810,Propagate
1688759865,Chaotic
1689304230,Propagate
1689397725,Complex
1689707408,Homogeneous
1690495256,Stable
1690635350,Propagate
1691980021,Stable
1692304102,Complex
1692469564,Chaotic
1692590020,Chaotic
1694345321,Complex
1694684834,Propagate
1695077845,Propagate
1695546319,Propagate
1695657113,Stable
1696287244,Chaotic
1696781412,Stable
1697537152,Propagate
1698931224,Complex
1699226064,Propagate
1699656333,Chaotic
1699887270,Chaotic
1699972733,Chaotic
1700250872,Propagate
1701266333,Chaotic
1701340134,Chaotic
1701773537,Propagate
1702047659,Propagate
1702171360,Complex
1702407886,Chaotic
1703617827,Propagate
1703696153,Propagate
1703825023,Chaotic
1704004680,Propagate
1704862658,Chaotic
1705263443,Chaotic
1706548536,Chaotic
1706869362,Chaotic
1707175943,Propagate
1707177877,Propagate
1707717603,Chaotic
1707811136,Propagate
1708106163,Complex
1709711424,Homogeneous
1710011546,Stable
1710478215,Stable
1710876879,Stable
1710894501,Chaotic
1710961424,Propagate
1711317652,Homogeneous
1711398352,Propagate
1712532786,Chaotic
1712641104,Stable
1712700413,Chaotic
1713647171,Propagate
1713658874,Chaotic
1714446812,Complex
1714585410,Propagate
1714589965,Chaotic
1715396105,Complex
1715410176,Propagate
1715412119,Chaotic
1715620480,Homogeneous
1716492017,Chaotic
1716495971,Chaotic
1716605598,Chaotic
1716686123,Complex
1717446495,Propagate
1717470260,Homogeneous
1718196956,Chaotic
1718197399,Chaotic
1718460730,Chaotic
1718927360,Homogeneous
1719929315,Chaotic
1720210636,Propagate
1720855616,Homogeneous
1721025347,Chaotic
1721239180,Propagate
1721704209,Complex
1722454917,Complex
1722693646,Propagate
1722989659,Chaotic
1723351741,Chaotic
1723516009,Chaotic
1723559663,Propagate
1723842716,Complex
1724121088,Homogeneous
1724615880,Propagate
1725680708,Propagate
1726010064,Stable
1726971340,Stable
1728296502,Propagate
1728729696,Homogeneous
1728760924,Propagate
1728771422,Chaotic
1729109283,Propagate
1729245242,Stable
1729246680,Chaotic
1730642982,Propagate
1730647989,Chaotic
1730850032,Stable
1730991654,Complex
1731360905,Complex
1733172288,Homogeneous
1733218298,Propagate
1733221342,Chaotic
1733404625,Chaotic
1734202799,Chaotic
1734232815,Chaotic
1735532211,Chaotic
1735826027,Chaotic
1735911957,Chaotic
1735918651,Propagate
1736440038,Chaotic
1736464176,Propagate
1736526879,Chaotic
1736889606,Stable
1737443762,Chaotic
1738338081,Propagate
1738730558,Chaotic
1738794212,Complex
1739385530,Chaotic
1740568766,Chaotic
1740611949,Propagate
1740650982,Chaotic
1741538360,Complex
1742760224,Propagate
1743692343,Stable
1744079573,Chaotic
1744349983,Chaotic
1744416891,Stable
1745075124,Propagate
1745337551,Complex
1745377599,Complex
1745535098,Propagate
1745595491,Propagate
1745958557,Chaotic
1746033290,Propagate
1747467901,Complex
1747744290,Propagate
1748309234,Stable
1748361405,Stable
1749175216,Homogeneous
1749382164,Propagate
1749855372,Propagate
1750617102,Propagate
1750625978,Chaotic
1751498173,Chaotic
1751757805,Complex
1751773918,Propagate
1752306681,Stable
1752699822,Stable
1752844368,Stable
1753267945,Complex
1753358773,Chaotic
1753617371,Chaotic
1753651840,Homogeneous
1753841726,Chaotic
1754015016,Propagate
1754034197,Complex
1754179999,Complex
1754569613,Chaotic
1754938927,Propagate
1755357312,Homogeneous
1755936100,Chaotic
1757025692,Chaotic
1757429961,Propagate
1757968896,Homogeneous
1758242544,Stable
1758520021,Stable
1758593382,Chaotic
1758653941,Stable
1758952643,Stable
1759512128,Homogeneous
1760600543,Stable
1760652196,Chaotic
1760844750,Propagate
1761354519,Chaotic
1761521794,Stable
1762619939,Propagate
1763706420,Propagate
1764265618,Propagate
1764452998,Complex
1764568576,Propagate
1764853898,Chaotic
1765412576,Stable
1765511649,Propagate
1765670844,Propagate
1765999475,Chaotic
1768002206,Chaotic
1768294570,Complex
1769280020,Propagate
1769455916,Propagate
1769676398,Chaotic
1769748771,Propagate
1769952588,Propagate
1770049235,Complex
1770618942,Chaotic
1770710744,Complex
1770791023,Complex
1771078818,Propagate
1772207780,Complex
1772349861,Chaotic
1772631959,Chaotic
1773276802,Propagate
1773478741,Chaotic
1774884818,Chaotic
1774898299,Chaotic
1774929921,Propagate
1775002655,Propagate
1776301194,Propagate
1776874706,Stable
1779881598,Chaotic
1780010572,Propagate
1780403418,Complex
1780404404,Stable
1780529035,Propagate
1780634802,Chaotic
1781156872,Homogeneous
1781172352,Homogeneous
1781844052,Propagate
1781915481,Chaotic
1782164134,Complex
1782447683,Propagate
1782522347,Complex
1782527999,Propagate
1783149915,Complex
1783499392,Homogeneous
1783843194,Complex
1783927545,Chaotic
1784208551,Chaotic
1784249076,Complex
1784401588,Chaotic
1784416126,Propagate
1784466476,Propagate
1784517419,Chaotic
1784572192,Propagate
1784899826,Chaotic
1785736751,Propagate
1785942638,Stable
1786890335,Chaotic
1787453807,Chaotic
1788034550,Propagate
1789005344,Homogeneous
1789361036,Complex
1789368711,Chaotic
1789404852,Homogeneous
1789582059,Chaotic
1789791092,Propagate
1789962128,Homogeneous
1790012028,Complex
1790576352,Homogeneous
1792706454,Chaotic
1792898238,Chaotic
1793288274,Chaotic
1794151483,Stable
1794163276,Propagate
1794226191,Chaotic
1794564435,Stable
1794587119,Propagate
1795196943,Chaotic
1796500225,Propagate
1796810720,Complex
1797301482,Propagate
1797428163,Propagate
1797618060,Propagate
1798892278,Stable
1799682701,Chaotic
1799776737,Propagate
1799916168,Homogeneous
1800069913,Chaotic
1800135697,Chaotic
1800283804,Complex
1800557283,Chaotic
1800596378,Chaotic
1800698992,Stable
1800810023,Chaotic
1801305093,Propagate
1801710195,Chaotic
1801823908,Chaotic
1802428032,Propagate
1804138557,Chaotic
1804502687,Complex
1804662562,Propagate
1804716179,Stable
1805683185,Complex
1805803262,Chaotic
1805808812,Complex
1806342782,Chaotic
1807222897,Stable
1807357123,Chaotic
1807444469,Chaotic
1807520619,Stable
1807880478,Chaotic
1810367977,Chaotic
1810415602,Chaotic
1810607153,Chaotic
1811967841,Propagate
1812140441,Chaotic
1812202504,Homogeneous
1812291047,Propagate
1812468063,Chaotic
1812559024,Propagate
1813163240,Propagate
1813385492,Homogeneous
1813668251,Chaotic
1813729017,Chaotic
1813775370,Propagate
1814421948,Chaotic
1814442908,Stable
1815115025,Propagate
1815118100,Homogeneous
1816803306,Propagate
1817205389,Propagate
1817363615,Complex
1817461052,Propagate
1818234016,Homogeneous
1818300119,Chaotic
1819244083,Complex
1819256337,Chaotic
1820308617,Chaotic
1820868349,Propagate
1820996619,Complex
1821355384,Chaotic
1821430003,Stable
1821717130,Chaotic
1821918480,Homogeneous
1822319338,Complex
1822393017,Chaotic
1822506802,Propagate
1822674081,Complex
1823285314,Propagate
1823693335,Chaotic
1823755131,Complex
1823786068,Propagate
1823898914,Chaotic
1824831488,Homogeneous
1825142274,Propagate
1825854078,Complex
1825862441,Chaotic
1825957977,Complex
1825989011,Chaotic
1827015680,Homogeneous
1827361858,Stable
1827524957,Propagate
1827755675,Chaotic
1827771483,Chaotic
1828475494,Complex
1828634534,Chaotic
1828908452,Propagate
1829255524,Complex
1829643556,Propagate
1831374145,Propagate
1831397984,Homogeneous
1831773963,Stable
1832422440,Homogeneous
1832477746,Complex
1832627753,Propagate
1832673181,Chaotic
1832837596,Complex
1833313030,Propagate
1833418371,Propagate
1833540853,Propagate
1834279802,Complex
1834678045,Propagate
1836278388,Propagate
1836411772,Chaotic
1836901321,Complex
1836946833,Complex
1837211599,Propagate
1837418904,Chaotic
1837509855,Complex
1838116071,Propagate
1838684623,Chaotic
1838951884,Propagate
1839590687,Complex
1839611786,Propagate
1839869544,Propagate
1840109255,Chaotic
1840124712,Chaotic
1840542686,Chaotic
1840720320,Complex
1840877826,Chaotic
1841400310,Propagate
1841748587,Chaotic
1841810119,Complex
1844209850,Chaotic
1844373098,Chaotic
1845062742,Chaotic
1845718165,Complex
1845890624,Homogeneous
1845919895,Complex
1846152832,Homogeneous
1846355528,Complex
1846436924,Propagate
1846597918,Chaotic
1846942252,Propagate
1847509470,Chaotic
1847646214,Propagate
1848568872,Homogeneous
1849409124,Propagate
1849450516,Homogeneous
1849785671,Propagate
1849868480,Homogeneous
1850212590,Propagate
1850701861,Propagate
1851350739,Complex
1851565032,Propagate
1852408227,Chaotic
1852890682,Chaotic
1853531700,Homogeneous
1854512039,Complex
1854589941,Chaotic
1855548990,Chaotic
1855614302,Chaotic
1856848063,Chaotic
1857018389,Stable
1857178632,Homogeneous
1857440367,Chaotic
1857875237,Stable
1858062752,Propagate
1858481959,Propagate
1858556502,Chaotic
1859028488,Homogeneous
1859447115,Complex
1859827722,Propagate
1860849868,Propagate
1860888192,Homogeneous
1860917830,Chaotic
1861968817,Propagate
1862539129,Propagate
1862620952,Propagate
1863671396,Propagate
1863893256,Propagate
1864089192,Complex
1865830567,Chaotic
1866437132,Complex
1866622683,Propagate
1866834213,Propagate
1867297547,Chaotic
1867302554,Complex
1867612665,Stable
1868149145,Chaotic
1869519106,Complex
1870146486,Chaotic
1870403050,Chaotic
1870492250,Stable
1870509170,Chaotic
1870692992,Homogeneous
1870778191,Propagate
1871490404,Propagate
1871901278,Complex
1872111746,Propagate
1872852789,Propagate
1873445920,Homogeneous
1873586768,Stable
1874297457,Propagate
1874868274,Propagate
1876419014,Chaotic
1878141991,Propagate
1878574285,Complex
1878633865,Chaotic
1879663618,Chaotic
1879999248,Homogeneous
1880116720,Stable
1880160025,Propagate
1881625505,Complex
1881694278,Propagate
1881944441,Complex
1881988384,Propagate
1882165447,Chaotic
1882289421,Propagate
1882359860,Homogeneous
1882428362,Chaotic
1882741817,Propagate
1883994382,Stable
1884335244,Propagate
1884545417,Stable
1884560819,Complex
1885158912,Propagate
1885297619,Propagate
1885353067,Stable
1885467972,Stable
1885781024,Homogeneous
1886149718,Propagate
1886162432,Homogeneous
1886169340,Propagate
1887107726,Propagate
1887814519,Propagate
1888128276,Propagate
1888267272,Homogeneous
1888707258,Propagate
1889238423,Propagate
1889613644,Complex
1889877854,Chaotic
1890081792,Homogeneous
1890466964,Propagate
1890883894,Complex
1890919418,Stable
1891100776,Stable
1891799103,Stable
1892693392,Propagate
1892953096,Homogeneous
1893321208,Propagate
1893467625,Propagate
1894675705,Stable
1895048320,Homogeneous
1896152613,Propagate
1896898734,Stable
1897214963,Propagate
1897313580,Chaotic
1897456484,Chaotic
1897669065,Propagate
1897720573,Stable
1898456680,Homogeneous
1898551433,Chaotic
1899061865,Propagate
1899074980,Chaotic
1899241472,Homogeneous
1899360801,Propagate
1899556090,Chaotic
1899635208,Homogeneous
1899745984,Complex
1900479413,Complex
1900838388,Propagate
1901026789,Chaotic
1901472238,Chaotic
1902553494,Chaotic
1902590590,Chaotic
1902866728,Stable
1902874011,Complex
1903094448,Complex
1903232052,Propagate
1903271177,Chaotic
1903685153,Chaotic
1904276676,Stable
1904315855,Complex
1904826997,Chaotic
1905184494,Chaotic
1905332914,Stable
1905584866,Complex
1905825569,Propagate
1906090591,Chaotic
1906158579,Chaotic
1906347475,Stable
1907065414,Chaotic
1907345581,Chaotic
1907886757,Chaotic
1908433947,Propagate
1908823615,Chaotic
1909405588,Propagate
1909443350,Chaotic
1909954149,Chaotic
1910229072,Propagate
1910359415,Propagate
1910619588,Stable
1910727005,Stable
1911620179,Propagate
1911749060,Stable
1912007444,Stable
1913120392,Propagate
1913657919,Propagate
1913773361,Chaotic
1913820983,Propagate
1913871069,Chaotic
1914228846,Chaotic
1914885928,Propagate
1914888800,Homogeneous
1915014617,Chaotic
1915114568,Homogeneous
1915184358,Chaotic
1915796125,Propagate
1917500960,Homogeneous
1917746176,Homogeneous
1917906456,Stable
1918240352,Homogeneous
1918546056,Homogeneous
1918704963,Chaotic
1918736493,Propagate
1918832602,Propagate
1919189571,Chaotic
1919759148,Complex
1919794245,Propagate
1919966821,Chaotic
1921678239,Chaotic
1922391130,Chaotic
1923132148,Propagate
1923678921,Chaotic
1924047632,Homogeneous
1924696110,Propagate
1924895021,Stable
1925030337,Propagate
1925046384,Stable
1925691825,Chaotic
1926269157,Stable
1926780541,Complex
1927040148,Propagate
1927145831,Propagate
1927383715,Propagate
1928199584,Stable
1928674664,Stable
1928758292,Homogeneous
1929175885,Stable
1929238322,Stable
1929338154,Chaotic
1930437037,Propagate
1931262937,Chaotic
1931514903,Propagate
1933034905,Chaotic
1933707030,Chaotic
1933990464,Propagate
1934898666,Chaotic
1934944879,Propagate
1935319226,Stable
1936179853,Complex
1936625052,Chaotic
1936625283,Complex
1937293924,Stable
1937302363,Stable
1937656505,Chaotic
1937823564,Propagate
1938678864,Chaotic
1938850963,Stable
1939078715,Propagate
1939090323,Chaotic
1939118223,Propagate
1940151455,Chaotic
1940677405,Stable
1941773632,Complex
1945187979,Stable
1945845008,Propagate
1946426672,Propagate
1946889479,Chaotic
1946959133,Propagate
1947382419,Propagate
1948255305,Chaotic
1948385094,Propagate
1948728483,Chaotic
1948821078,Chaotic
1949524114,Stable
1949586406,Chaotic
1949803303,Chaotic
1950049698,Chaotic
1950247560,Homogeneous
1950271760,Homogeneous
1951140544,Homogeneous
1951723066,Complex
1951933472,Homogeneous
1952235572,Homogeneous
1952918745,Complex
1952984128,Homogeneous
1953243901,Propagate
1953291127,Chaotic
1953462417,Chaotic
1954246074,Chaotic
1954961207,Propagate
1955467946,Propagate
1955690228,Stable
1955760849,Complex
1955997540,Propagate
1956147686,Stable
1956620651,Chaotic
1956832813,Stable
1957344732,Chaotic
1957896701,Stable
1958609158,Propagate
1958781440,Homogeneous
1960488639,Chaotic
1961640087,Chaotic
1961882949,Stable
1962094851,Propagate
1962491159,Propagate
1962681984,Homogeneous
1963030420,Propagate
1963586917,Propagate
1964487097,Stable
1964838326,Chaotic
1966238442,Chaotic
1967724846,Chaotic
1967858436,Propagate
1968321319,Complex
1970442026,Complex
1970696522,Chaotic
1970738329,Propagate
1970753705,Propagate
1971114955,Stable
1971453364,Stable
1972798578,Chaotic
1973214822,Chaotic
1973724824,Stable
1973840257,Chaotic
1974021822,Chaotic
1974565461,Propagate
1974979127,Chaotic
1976110243,Chaotic
1976987348,Propagate
1977601016,Chaotic
1978029414,Chaotic
1978312054,Stable
1979250927,Stable
1979401237,Propagate
1980623803,Propagate
1981844332,Propagate
1981850836,Propagate
1981903597,Propagate
1982197292,Propagate
1982324760,Propagate
1982979741,Chaotic
1983056308,Complex
1984173309,Propagate
1984506619,Chaotic
1984773845,Propagate
1985000298,Propagate
1985392498,Complex
1986007979,Propagate
1986032334,Propagate
1986680456,Homogeneous
1986956296,Homogeneous
1986972437,Chaotic
1987064985,Propagate
1987468103,Propagate
1987636888,Complex
1988029308,Propagate
1989389631,Chaotic
1990281081,Chaotic
1992250694,Complex
1992303156,Homogeneous
1992536174,Stable
1992537217,Chaotic
1992947381,Propagate
1994013856,Stable
1994940466,Stable
1995226582,Stable
1995627518,Stable
1995907669,Propagate
1996141065,Stable
1996495942,Propagate
1996617659,Propagate
1996634472,Propagate
1997109065,Propagate
1997305752,Complex
1997387706,Chaotic
1997515788,Propagate
1997520430,Propagate
1998102858,Chaotic
1998247509,Propagate
1999554561,Complex
2000173194,Propagate
2000187192,Complex
2000453307,Complex
2000607160,Chaotic
2001129658,Chaotic
2002285962,Chaotic
2002625008,Chaotic
2002704348,Chaotic
2003595936,Propagate
2005360867,Propagate
2005659889,Propagate
2005855667,Chaotic
2006006553,Propagate
2007069184,Propagate
2007425404,Chaotic
2007568225,Chaotic
2008783814,Chaotic
2008810496,Homogeneous
2010258946,Propagate
2010681233,Chaotic
2011277482,Chaotic
2011467975,Propagate
2012169382,Propagate
2012427462,Propagate
2013042435,Chaotic
2013223473,Propagate
2013725407,Chaotic
2014669037,Complex
2014756451,Chaotic
2015666312,Homogeneous
2016044512,Propagate
2016446768,Homogeneous
2016679566,Propagate
2016747754,Stable
2017214528,Homogeneous
2018258729,Chaotic
2018679284,Stable
2019036142,Propagate
2019665349,Stable
2019952485,Chaotic
2020345943,Complex
2020785643,Stable
2021442004,Stable
2021598245,Chaotic
2023115572,Homogeneous
2023332144,Propagate
2024022369,Propagate
2024069279,Stable
2024160247,Propagate
2024977737,Chaotic
2025376039,Chaotic
2025436589,Chaotic
2026352496,Chaotic
2027191712,Stable
2028168523,Propagate
2028629074,Chaotic
2029459738,Chaotic
2030106617,Propagate
2031403296,Propagate
2031417512,Propagate
2031583840,Complex
2032218478,Chaotic
2032319170,Propagate
2032638323,Chaotic
2032972379,Complex
2033045681,Chaotic
2033340934,Chaotic
2033843892,Propagate
2033929266,Chaotic
2034639040,Homogeneous
2034758399,Stable
2034867298,Chaotic
2034932097,Chaotic
2034950363,Chaotic
2035075875,Propagate
2036542927,Propagate
2037729235,Complex
2037913779,Stable
2038192223,Propagate
2038220737,Propagate
2038711176,Propagate
2038847375,Complex
2040515833,Propagate
2040695043,Chaotic
2041322270,Chaotic
2042997876,Chaotic
2043660988,Chaotic
2044046898,Chaotic
2044804330,Stable
2045325838,Propagate
2045533722,Chaotic
2045855933,Propagate
2046091486,Stable
2046550762,Stable
2046937027,Propagate
2047165167,Chaotic
2047199195,Chaotic
2047495894,Complex
2047791082,Chaotic
2047869304,Stable
2048413596,Complex
2048612358,Propagate
2048776521,Propagate
2049912597,Chaotic
2049964430,Propagate
2050511872,Homogeneous
2050670625,Stable
2050991145,Propagate
2051629513,Chaotic
2051831252,Stable
2052937080,Chaotic
2053303047,Propagate
2053341654,Chaotic
2054429208,Stable
2054733307,Propagate
2054973858,Chaotic
2056061866,Propagate
2056263670,Chaotic
2057430599,Propagate
2057991816,Homogeneous
2058644648,Homogeneous
2058765812,Stable
2059733423,Chaotic
2061166511,Propagate
2061364070,Chaotic
2061887232,Propagate
2062312898,Chaotic
2062552608,Homogeneous
2063133701,Chaotic
2063221760,Homogeneous
2063325630,Chaotic
2063803282,Propagate
2063867936,Homogeneous
2064918280,Propagate
2065028106,Propagate
2066103524,Propagate
2066254208,Propagate
2066708076,Propagate
2067380157,Complex
2067418686,Propagate
2067424213,Chaotic
2067519299,Propagate
2067571480,Propagate
2067587703,Propagate
2068104599,Complex
2068167581,Complex
2068700927,Propagate
2069520666,Propagate
2069712129,Propagate
2069908091,Chaotic
2070024715,Propagate
2070481997,Propagate
2070522149,Chaotic
2070534820,Chaotic
2071166057,Propagate
2071344207,Stable
2071771865,Chaotic
2072319898,Chaotic
2072524753,Propagate
2072819341,Propagate
2073013269,Complex
2075362821,Complex
2075425575,Propagate
2075628361,Chaotic
2075886228,Complex
2076605983,Chaotic
2077259688,Chaotic
2079495893,Chaotic
2079617090,Stable
2080230418,Chaotic
2080348615,Stable
2080585564,Complex
2081277192,Propagate
2081328344,Stable
2081501960,Propagate
2081821325,Propagate
2081853625,Stable
2082159860,Propagate
2083022958,Propagate
2084341486,Complex
2084721656,Stable
2084839399,Propagate
2085131791,Propagate
2085812759,Propagate
2085816511,Chaotic
2087159956,Chaotic
2087313121,Stable
2087776619,Stable
2088099502,Propagate
2088105926,Stable
2088722690,Stable
2089008984,Complex
2089044992,Homogeneous
2089875162,Stable
2089979152,Homogeneous
2090237817,Chaotic
2090873116,Chaotic
2091506920,Complex
2092211167,Complex
2093045511,Propagate
2093744168,Homogeneous
2094011037,Propagate
2094746188,Propagate
2094806325,Complex
2095718469,Propagate
2096929657,Chaotic
2098228320,Propagate
2098315064,Propagate
2098425880,Propagate
2098545541,Complex
2099231459,Propagate
2099943005,Chaotic
2100132565,Propagate
2100579493,Propagate
2100729768,Chaotic
2101729519,Stable
2102950609,Stable
2102989254,Chaotic
2103403742,Chaotic
2104135916,Complex
2105167687,Propagate
2105400301,Propagate
2105841600,Propagate
2105859740,Chaotic
2106748498,Chaotic
2106801613,Propagate
2107627865,Complex
2107805403,Chaotic
2107984515,Chaotic
2108061573,Chaotic
2108307952,Propagate
2109934342,Propagate
2111355009,Chaotic
2111943859,Stable
2111946238,Stable
2112035409,Propagate
2112225325,Propagate
2112841567,Propagate
2113635179,Propagate
2114894129,Propagate
2115030612,Propagate
2115305006,Propagate
2115806625,Chaotic
2115906216,Homogeneous
2116493426,Propagate
2117779149,Complex
2118030331,Chaotic
2118042846,Chaotic
2118346017,Propagate
2119177078,Chaotic
2119180769,Chaotic
2119419446,Propagate
2119634399,Propagate
2120713505,Propagate
2120834317,Complex
2120907670,Chaotic
2121251351,Chaotic
2121703444,Homogeneous
2121754117,Propagate
2122068040,Homogeneous
2123030247,Chaotic
2123325306,Propagate
2123333781,Propagate
2123699725,Propagate
2124891515,Chaotic
2125101289,Chaotic
2125549444,Chaotic
2125618366,Chaotic
2125918660,Stable
2126899209,Chaotic
2127420335,Propagate
2128023255,Propagate
2128224202,Propagate
2128718397,Chaotic
2130550547,Complex
2130589338,Propagate
2130830525,Propagate
2131068740,Propagate
2131224074,Propagate
2131335764,Complex
2132357678,Stable
2133401077,Propagate
2133427445,Chaotic
2133901513,Propagate
2134739936,Chaotic
2134799668,Propagate
2135686951,Propagate
2136679300,Propagate
2137130176,Homogeneous
2137301378,Propagate
2137464556,Complex
2137477854,Propagate
2137846129,Propagate
2138120878,Chaotic
2140506492,Chaotic
2141011556,Propagate
2142281551,Propagate
2142745036,Chaotic
2144154578,Propagate
2144181937,Chaotic
2144306979,Complex
2144446219,Propagate
2145946752,Homogeneous
2146120184,Propagate
2146451669,Propagate
2147709876,Complex
2147881275,Chaotic
2148024454,Propagate
2148941632,Stable
2148972104,Homogeneous
2149134545,Stable
2149511642,Propagate
2149634048,Homogeneous
2149737392,Homogeneous
2149993992,Homogeneous
2150000991,Chaotic
2150576579,Chaotic
2151206048,Homogeneous
2152409442,Chaotic
2152466472,Homogeneous
2152760974,Propagate
2153567705,Propagate
2154188352,Homogeneous
2154340416,Homogeneous
2154626237,Propagate
2154649292,Propagate
2155192095,Chaotic
2155265433,Chaotic
2156009848,Propagate
2156022464,Homogeneous
2156389514,Propagate
2157059760,Stable
2157324056,Propagate
2157828072,Propagate
2158051338,Chaotic
2158523552,Homogeneous
2159725924,Propagate
2159809215,Propagate
2159993136,Homogeneous
2160610484,Homogeneous
2160784392,Homogeneous
2161032978,Chaotic
2161647563,Propagate
2162593927,Propagate
2163130768,Homogeneous
2163287915,Chaotic
2163551176,Propagate
2164222095,Propagate
2164385946,Chaotic
2165524721,Stable
2166529386,Chaotic
2167989691,Stable
2168005699,Complex
2168736686,Chaotic
2169113725,Chaotic
2169676485,Complex
2169883765,Propagate
2170484433,Stable
2170715377,Stable
2170834345,Chaotic
2171098822,Chaotic
2172476156,Chaotic
2172758220,Propagate
2173014324,Propagate
2173026975,Propagate
2173085046,Chaotic
2173276011,Chaotic
2173795839,Stable
2174065845,Chaotic
2176142421,Chaotic
2176604412,Complex
2178074590,Propagate
2178154890,Chaotic
2178286592,Homogeneous
2178547629,Chaotic
2179869555,Chaotic
2179898893,Chaotic
2180395476,Stable
2180427784,Homogeneous
2180476188,Chaotic
2180716723,Stable
2181106786,Complex
2181461514,Propagate
2181866208,Homogeneous
2181906307,Propagate
2182329662,Chaotic
2182714437,Chaotic
2182755573,Chaotic
2182878006,Propagate
2182991950,Propagate
2183035527,Chaotic
2185102868,Homogeneous
2185588660,Chaotic
2186410612,Propagate
2186718336,Homogeneous
2186824146,Complex
2187085369,Chaotic
2187388319,Complex
2187880715,Chaotic
2188015266,Propagate
2188303432,Homogeneous
2188398760,Stable
2190013164,Propagate
2190255808,Homogeneous
2190506022,Propagate
2190514426,Stable
2190551939,Propagate
2191300002,Chaotic
2191844850,Chaotic
2191858110,Chaotic
2193481764,Stable
2193729014,Chaotic
2193895109,Propagate
2193922956,Chaotic
2194467639,Complex
2195475598,Complex
2196374536,Homogeneous
2196545325,Propagate
2196875863,Stable
2197438206,Propagate
2198661588,Chaotic
2199811927,Chaotic
2200140863,Chaotic
2201018888,Homogeneous
2201271170,Propagate
2201279279,Complex
2202014259,Propagate
2202790517,Complex
2203504417,Chaotic
2204115048,Homogeneous
2204201154,Complex
2204809829,Chaotic
2205749567,Stable
2206264832,Homogeneous
2206697942,Propagate
2206870720,Homogeneous
2206924586,Propagate
2207357472,Propagate
2207597138,Complex
2207745966,Propagate
2208042764,Chaotic
2208185597,Chaotic
2208283728,Complex
2209383211,Propagate
2209904620,Chaotic
2210007729,Propagate
2210174072,Complex
2211830644,Chaotic
2212518390,Propagate
2212538560,Homogeneous
2212597699,Propagate
2213562239,Chaotic
2213849513,Complex
2215320939,Complex
2216899974,Chaotic
2217927220,Homogeneous
2218035284,Propagate
2218206513,Chaotic
2218437649,Complex
2218671744,Homogeneous
2218787966,Propagate
2218897149,Complex
2219130021,Propagate
2219153923,Chaotic
2219173580,Propagate
2219236480,Homogeneous
2219238080,Homogeneous
2219623136,Homogeneous
2219709056,Homogeneous
2220210381,Complex
2220507284,Homogeneous
2220681626,Chaotic
2221847922,Stable
2221900880,Propagate
2222814588,Propagate
2222837551,Complex
2222866652,Propagate
2222971316,Chaotic
2223542740,Propagate
2223646868,Homogeneous
2224149156,Chaotic
2224426546,Propagate
2224475408,Homogeneous
2224549114,Propagate
2224611603,Chaotic
2224817452,Complex
2225359665,Chaotic
2225821206,Chaotic
2225936643,Chaotic
2226356401,Stable
2226362106,Chaotic
2226439424,Propagate
2226680251,Stable
2227113767,Propagate
2227570446,Propagate
2228901786,Chaotic
2228932714,Complex
2229465321,Stable
2229881300,Chaotic
2231002384,Homogeneous
2231035417,Chaotic
2231722296,Chaotic
2231846979,Propagate
2232467668,Propagate
2233040884,Chaotic
2233342679,Chaotic
2234936624,Propagate
2236336103,Stable
2236721647,Propagate
2237047117,Chaotic
2237848130,Propagate
2238013080,Chaotic
2238375826,Chaotic
2238534622,Chaotic
2238960925,Chaotic
2238965651,Chaotic
2239494134,Stable
2239962947,Complex
2240394942,Chaotic
2240432985,Chaotic
2240859808,Homogeneous
2240885202,Stable
2241250278,Complex
2241284828,Chaotic
2241379968,Propagate
2242237209,Chaotic
2242413101,Chaotic
2243574888,Homogeneous
2243695680,Homogeneous
2244431947,Chaotic
2245334677,Chaotic
2245724384,Complex
2246199092,Propagate
2246272523,Complex
2246476998,Propagate
2246626248,Propagate
2247598135,Chaotic
2248373451,Chaotic
2248453935,Propagate
2248496477,Propagate
2248577563,Chaotic
2248834465,Propagate
2250366180,Stable
2250513991,Chaotic
2250516326,Chaotic
2250696744,Homogeneous
2251189824,Homogeneous
2253298195,Chaotic
2254071453,Chaotic
2254201418,Propagate
2255177236,Chaotic
2255710693,Chaotic
2256674703,Propagate
2256802440,Homogeneous
2258278912,Homogeneous
2258531042,Complex
2258673014,Chaotic
2258942692,Stable
2259161640,Homogeneous
2259230952,Propagate
2260193917,Chaotic
2261262416,Stable
2261456531,Propagate
2261576701,Propagate
2262094518,Chaotic
2262345440,Homogeneous
2262454912,Homogeneous
2263128515,Chaotic
2263322883,Chaotic
2264440403,Chaotic
2265279635,Chaotic
2266045097,Complex
2266125649,Propagate
2266341635,Complex
2266987082,Chaotic
2268763175,Chaotic
2269158360,Complex
2269985336,Chaotic
2270335246,Chaotic
2270957541,Chaotic
2271782991,Chaotic
2272123888,Propagate
2272184125,Propagate
2272528809,Chaotic
2272605051,Chaotic
2274566000,Propagate
2275230451,Propagate
2277169153,Chaotic
2277851678,Chaotic
2278127212,Complex
2278130708,Propagate
2279993598,Propagate
2280144092,Propagate
2280292341,Chaotic
2280465594,Chaotic
2280811246,Chaotic
2280995795,Chaotic
2281169403,Propagate
2281194061,Complex
2281341978,Propagate
2281639875,Propagate
2283172114,Chaotic
2283288080,Stable
2283423545,Propagate
2283665633,Complex
2284098664,Homogeneous
2284568242,Propagate
2286455964,Propagate
2286519545,Propagate
2286586672,Homogeneous
2286969218,Propagate
2287196570,Chaotic
2287374925,Chaotic
2287415554,Propagate
2287954152,Propagate
2287955558,Chaotic
2288123416,Chaotic
2288178030,Propagate
2288544960,Homogeneous
2289123036,Chaotic
2289723434,Propagate
2290920488,Homogeneous
2291105756,Propagate
2291552392,Propagate
2291582176,Homogeneous
2291867833,Stable
2291890389,Complex
2292517910,Chaotic
2292644445,Complex
2292787496,Propagate
2294043548,Propagate
2294092753,Chaotic
2294113287,Propagate
2294414167,Chaotic
2295296413,Chaotic
2295441317,Chaotic
2295663414,Chaotic
2296527944,Homogeneous
2296540320,Homogeneous
2297233639,Propagate
2297443105,Stable
2297736192,Homogeneous
2298038507,Propagate
2298137792,Homogeneous
2298608687,Chaotic
2299035026,Propagate
2300147975,Chaotic
2300743208,Homogeneous
2300994648,Stable
2301419418,Chaotic
2301467881,Chaotic
2301518177,Chaotic
2301680987,Complex
2302175996,Chaotic
2302233654,Chaotic
2302950023,Chaotic
2303029031,Complex
2303082117,Propagate
2303189955,Propagate
2303329764,Chaotic
2303779328,Homogeneous
2304236976,Chaotic
2304560537,Propagate
2304966399,Chaotic
2305962505,Chaotic
2306270004,Stable
2306536780,Chaotic
2306915116,Propagate
2307039023,Chaotic
2307185686,Complex
2307216005,Chaotic
2307973623,Chaotic
2308745090,Chaotic
2309080258,Chaotic
2309122187,Complex
2309337560,Complex
2309395647,Chaotic
2309541376,Homogeneous
2310118852,Stable
2311252182,Propagate
2311264269,Propagate
2311435034,Chaotic
2311515648,Homogeneous
2311639723,Propagate
2311804600,Complex
2311834564,Propagate
2312055203,Propagate
2312092750,Propagate
2312224641,Propagate
2312306229,Chaotic
2312633708,Chaotic
2313185971,Chaotic
2313821374,Chaotic
2313828381,Chaotic
2314058610,Chaotic
2314181492,Chaotic
2314234177,Propagate
2314889832,Stable
2315581263,Propagate
2315992115,Complex
2316080035,Propagate
2316230139,Propagate
2316259067,Propagate
2316463158,Chaotic
2316615266,Propagate
2316738668,Propagate
2316787198,Chaotic
2316906534,Chaotic
2317043634,Propagate
2317316267,Chaotic
2317402664,Homogeneous
2317479632,Chaotic
2317955725,Complex
2318204627,Complex
2319203166,Propagate
2319936135,Stable
2320109101,Chaotic
2320146969,Chaotic
2321807489,Complex
2322174124,Propagate
2323186140,Propagate
2323225564,Propagate
2323399568,Homogeneous
2323646093,Propagate
2323829248,Homogeneous
2324133332,Chaotic
2324756726,Complex
2325327768,Propagate
2325735289,Complex
2325752366,Propagate
2325921792,Homogeneous
2326260588,Chaotic
2328314130,Complex
2328619532,Propagate
2328710672,Propagate
2329816192,Homogeneous
2330421741,Chaotic
2330476168,Homogeneous
2330497115,Chaotic
2331054218,Propagate
2331680551,Complex
2331806316,Propagate
2332535944,Propagate
2332997496,Chaotic
2333103372,Propagate
2333352916,Chaotic
2334006903,Chaotic
2334014365,Complex
2335742315,Chaotic
2337229839,Propagate
2337324556,Propagate
2338877621,Chaotic
2339125416,Homogeneous
2339908712,Homogeneous
2340505846,Chaotic
2340670271,Propagate
2340836509,Chaotic
2341401543,Propagate
2341799812,Propagate
2341912498,Propagate
2342331444,Propagate
2343292475,Propagate
2343440088,Propagate
2344356437,Chaotic
2344390187,Stable
2344613434,Propagate
2344946542,Propagate
2345221030,Propagate
2345620385,Complex
2346222575,Complex
2346806955,Chaotic
2347621138,Chaotic
2347675694,Propagate
2348567554,Propagate
2348641044,Propagate
2349143398,Chaotic
2350172733,Propagate
2350548790,Complex
2350632678,Propagate
2351059104,Homogeneous
2351399498,Chaotic
2351980402,Stable
2352537620,Homogeneous
2352784304,Homogeneous
2353092123,Chaotic
2353372386,Propagate
2353401984,Homogeneous
2354678843,Chaotic
2355028102,Propagate
2356229759,Chaotic
2357227648,Homogeneous
2357697923,Propagate
2357984118,Chaotic
2358880404,Chaotic
2359974269,Chaotic
2360524447,Propagate
2360605969,Chaotic
2360960464,Complex
2361171911,Propagate
2361388464,Propagate
2361415024,Stable
2361870266,Chaotic
2361976328,Homogeneous
2362646960,Stable
2363318951,Complex
2363629219,Propagate
2363900493,Propagate
2364094007,Chaotic
2364164368,Homogeneous
2364846963,Chaotic
2365754024,Homogeneous
2365835550,Chaotic
2367199917,Chaotic
2367301342,Chaotic
2367665472,Chaotic
2367668531,Chaotic
2367685226,Propagate
2369449369,Complex
2370397977,Propagate
2370467256,Complex
2370788647,Propagate
2370996465,Stable
2371435631,Chaotic
2371661524,Stable
2371901750,Complex
2373077218,Propagate
2373170160,Stable
2374697825,Chaotic
2374729524,Propagate
2375497951,Chaotic
2376004153,Chaotic
2376066489,Propagate
2376077463,Propagate
2376087131,Chaotic
2376506896,Propagate
2376658660,Stable
2377148230,Chaotic
2378097579,Propagate
2378187784,Homogeneous
2378256258,Propagate
2378451873,Propagate
2378969312,Homogeneous
2379074819,Propagate
2381183483,Propagate
2381518774,Propagate
2381978100,Propagate
2381998678,Chaotic
2382117960,Homogeneous
2382156667,Propagate
2382218665,Propagate
2382545568,Homogeneous
2382571023,Propagate
2383484979,Stable
2384073200,Stable
2384463652,Propagate
2384507464,Homogeneous
2384629928,Homogeneous
2385077585,Chaotic
2385587787,Chaotic
2385845315,Chaotic
2386160789,Chaotic
2386177424,Homogeneous
2386707167,Chaotic
2386815992,Chaotic
2387006772,Stable
2387104291,Propagate
2388550720,Homogeneous
2389007937,Complex
2389798482,Chaotic
2390028002,Chaotic
2390419887,Chaotic
2391723977,Propagate
2391972982,Complex
2392080953,Chaotic
2392145580,Chaotic
2392198792,Homogeneous
2392208225,Chaotic
2392419911,Propagate
2392776866,Complex
2393539576,Propagate
2393593479,Chaotic
2393639475,Complex
2394039673,Chaotic
2394088240,Homogeneous
2394422671,Complex
2394578244,Complex
2394838641,Chaotic
2395133532,Propagate
2395618457,Chaotic
2395757536,Propagate
2396049910,Propagate
2396905421,Propagate
2397518535,Chaotic
2397554836,Complex
2397724680,Homogeneous
2400098537,Propagate
2400126244,Propagate
2400149023,Stable
2400356360,Homogeneous
2400565848,Chaotic
2401856838,Stable
2402550944,Homogeneous
2403101801,Chaotic
2403745882,Propagate
2403937317,Chaotic
2404371152,Propagate
2404681399,Propagate
2406130873,Complex
2407675605,Complex
2408740339,Chaotic
2408928576,Propagate
2409076656,Chaotic
2409251499,Chaotic
2409355216,Propagate
2409688047,Propagate
2409723925,Propagate
2409872254,Propagate
2410287840,Homogeneous
2410496947,Propagate
2410529190,Propagate
2410703381,Propagate
2411057787,Chaotic
2411226340,Propagate
2411294230,Chaotic
2412025215,Chaotic
2412849381,Chaotic
2413111536,Chaotic
2414108708,Propagate
2414598301,Propagate
2414742788,Propagate
2415789275,Propagate
2416324096,Homogeneous
2416608493,Propagate
2417245312,Homogeneous
2417377633,Chaotic
2417448369,Complex
2418039268,Stable
2418295464,Homogeneous
2418532116,Chaotic
2419030854,Complex
2419217659,Stable
2420052982,Chaotic
2420318698,Complex
2421763716,Propagate
2422230882,Complex
2422845171,Chaotic
2422857996,Chaotic
2422901807,Propagate
2423022309,Propagate
2423875630,Complex
2424045110,Chaotic
2424266885,Propagate
2424870528,Homogeneous
2425019735,Propagate
2425735185,Chaotic
2426439365,Propagate
2427187263,Propagate
2427327155,Propagate
2427631155,Propagate
2427665108,Propagate
2427904498,Stable
2428220959,Chaotic
2428243618,Propagate
2428737269,Stable
2428916262,Propagate
2428976596,Stable
2429043084,Chaotic
2430052924,Chaotic
2430210617,Stable
2430642523,Chaotic
2430646623,Complex
2430661792,Stable
2430737050,Propagate
2430986565,Complex
2431345439,Complex
2431501127,Propagate
2431794380,Complex
2432494624,Homogeneous
2433339189,Propagate
2434147968,Homogeneous
2434594777,Propagate
2434610622,Chaotic
2434892279,Complex
2435041905,Stable
2435416972,Chaotic
2435484384,Homogeneous
2435560335,Propagate
2435602060,Propagate
2436019774,Complex
2436779490,Chaotic
2438648334,Complex
2438891849,Propagate
2438957359,Chaotic
2439556242,Propagate
2440844654,Chaotic
2441638737,Chaotic
2442244963,Propagate
2443591516,Chaotic
2443845792,Homogeneous
2444111718,Chaotic
2444288473,Propagate
2444725646,Propagate
2445418688,Homogeneous
2446347392,Homogeneous
2446477436,Propagate
2446555916,Complex
2446699172,Chaotic
2446737272,Chaotic
2447482040,Stable
2447485590,Chaotic
2449167891,Chaotic
2449243993,Propagate
2449483289,Chaotic
2449986783,Propagate
2451441368,Stable
2451528959,Complex
2451576465,Complex
2452611418,Chaotic
2453435172,Complex
2454402828,Chaotic
2454490190,Propagate
2455079406,Chaotic
2455190352,Stable
2455293273,Propagate
2455335414,Stable
2455379968,Homogeneous
2455798368,Homogeneous
2455852189,Chaotic
2456389272,Chaotic
2456472103,Propagate
2457435073,Chaotic
2458077954,Propagate
2458220879,Chaotic
2458407512,Stable
2459311380,Complex
2460757097,Complex
2461239495,Chaotic
2462189936,Stable
2463107000,Propagate
2463265221,Stable
2464266779,Chaotic
2465509901,Propagate
2465528240,Propagate
2465587067,Complex
2466034956,Stable
2466445946,Propagate
2466559098,Chaotic
2466662588,Chaotic
2466923557,Chaotic
2466932217,Complex
2468798461,Propagate
2469464385,Chaotic
2469955592,Homogeneous
2470461357,Chaotic
2471167203,Complex
2471600880,Stable
2471791504,Propagate
2472159360,Homogeneous
2472279899,Propagate
2472487690,Propagate
2472571231,Chaotic
2472676453,Chaotic
2473028098,Complex
2474810179,Propagate
2474961963,Chaotic
2475070224,Propagate
2476426797,Chaotic
2476556588,Complex
2477374068,Complex
2478020690,Propagate
2478286982,Complex
2478764371,Chaotic
2479139008,Homogeneous
2479708607,Propagate
2479852674,Propagate
2479991967,Chaotic
2481481505,Propagate
2481789566,Chaotic
2482860596,Stable
2483666076,Propagate
2484063048,Complex
2484167908,Complex
2485116338,Propagate
2485125698,Propagate
2485432021,Complex
2485465043,Chaotic
2485975693,Propagate
2486438403,Complex
2486770120,Chaotic
2487560384,Propagate
2488511380,Chaotic
2489177256,Complex
2489250532,Stable
2489852792,Propagate
2490751945,Chaotic
2491015654,Chaotic
2491268634,Chaotic
2491550214,Propagate
2492236308,Homogeneous
2492467984,Homogeneous
2492725920,Chaotic
2493197802,Chaotic
2493613917,Chaotic
2493734264,Chaotic
2494570688,Homogeneous
2494863812,Propagate
2495438243,Chaotic
2495568570,Chaotic
2495824721,Propagate
2496187456,Homogeneous
2496218024,Complex
2496924025,Propagate
2497391030,Chaotic
2497450376,Propagate
2497631711,Propagate
2497762234,Stable
2497919791,Chaotic
2499040231,Chaotic
2499821888,Propagate
2500127570,Chaotic
2501199527,Chaotic
2501859536,Complex
2502036000,Homogeneous
2503059419,Propagate
2503362035,Chaotic
2504640817,Stable
2505131809,Propagate
2505185286,Chaotic
2505793355,Chaotic
2506254832,Chaotic
2506853388,Propagate
2507422331,Chaotic
2507748499,Complex
2508314041,Propagate
2508577514,Complex
2508601974,Chaotic
2509023674,Chaotic
2509582875,Chaotic
2510239022,Chaotic
2510666490,Chaotic
2510672617,Chaotic
2510777721,Chaotic
2511054943,Chaotic
2512059256,Chaotic
2512721587,Chaotic
2512780184,Chaotic
2513267376,Chaotic
2513971584,Propagate
2514438520,Propagate
2514901909,Chaotic
2514951093,Chaotic
2515108626,Complex
2515525596,Propagate
2515900611,Propagate
2516716467,Propagate
2517121447,Chaotic
2518314016,Homogeneous
2519217950,Chaotic
2519622502,Complex
2520117361,Stable
2520366645,Complex
2520647050,Chaotic
2520844384,Propagate
2520878317,Propagate
2521673791,Propagate
2521699997,Propagate
2522147743,Chaotic
2522322789,Chaotic
2522607583,Complex
2522887177,Chaotic
2523601252,Chaotic
2523991377,Chaotic
2524657292,Complex
2525594123,Propagate
2525790393,Complex
2526032273,Propagate
2526299691,Chaotic
2526723200,Homogeneous
2526766690,Chaotic
2527331058,Complex
2527332478,Complex
2527696207,Chaotic
2528054762,Chaotic
2528479489,Complex
2528792923,Chaotic
2529209502,Chaotic
2530849533,Propagate
2530876844,Chaotic
2531397850,Propagate
2531757634,Complex
2532256470,Chaotic
2532695062,Chaotic
2533126989,Chaotic
2533867799,Complex
2534468499,Propagate
2534805646,Propagate
2536146025,Chaotic
2536507584,Homogeneous
2536631321,Complex
2537948841,Chaotic
2541055799,Chaotic
2541188823,Chaotic
2542010464,Homogeneous
2542043832,Stable
2542160120,Propagate
2543036302,Complex
2543040948,Complex
2544659112,Stable
2544800441,Propagate
2545123557,Propagate
2545425986,Chaotic
2545583450,Chaotic
2545870868,Chaotic
2545925448,Chaotic
2546533191,Chaotic
2547424832,Propagate
2548715949,Chaotic
2548845248,Homogeneous
2550399650,Propagate
2550839368,Homogeneous
2551109677,Complex
2551791743,Stable
2551869669,Complex
2552256061,Chaotic
2552407436,Chaotic
2552548853,Complex
2552638227,Chaotic
2553310002,Propagate
2553440342,Complex
2553604680,Propagate
2554222592,Homogeneous
2555656321,Chaotic
2555694670,Propagate
2556243094,Propagate
2556394039,Chaotic
2556450712,Propagate
2557100495,Complex
2557124450,Chaotic
2557265605,Propagate
2557448229,Complex
2559321289,Propagate
2559667529,Propagate
2559793292,Propagate
2560345306,Propagate
2560466250,Propagate
2561557300,Propagate
2562124269,Propagate
2562254028,Propagate
2563196714,Chaotic
2563359049,Propagate
2564048552,Propagate
2565843774,Propagate
2565979390,Stable
2566475346,Propagate
2566601552,Complex
2567398021,Chaotic
2567665414,Propagate
2567881183,Complex
2567896541,Propagate
2568547910,Propagate
2570648697,Complex
2571500881,Stable
2572447412,Propagate
2572866792,Chaotic
2574307168,Complex
2575044279,Chaotic
2575464372,Chaotic
2575816265,Chaotic
2576503228,Stable
2576669870,Complex
2576914647,Propagate
2577175851,Chaotic
2577223852,Propagate
2577292019,Chaotic
2577543536,Propagate
2578440755,Complex
2578748240,Propagate
2579307635,Complex
2580536880,Chaotic
2581176085,Chaotic
2582752348,Chaotic
2583216832,Homogeneous
2583391942,Complex
2585340572,Chaotic
2585498270,Chaotic
2585559856,Homogeneous
2585650756,Complex
2586027232,Propagate
2586318003,Complex
2586349879,Chaotic
2586461570,Propagate
2586716644,Chaotic
2586807905,Chaotic
2587131924,Homogeneous
2587367267,Chaotic
2587530597,Chaotic
2587824830,Propagate
2588533053,Chaotic
2588597556,Propagate
2588792728,Complex
2588961076,Homogeneous
2589101736,Homogeneous
2590022608,Propagate
2590141969,Chaotic
2590150718,Complex
2590346397,Chaotic
2590765536,Stable
2590950133,Propagate
2591840177,Complex
2592073592,Chaotic
2592930364,Propagate
2592983555,Chaotic
2593601554,Stable
2593673937,Stable
2594482304,Homogeneous
2595976361,Chaotic
2596127502,Stable
2596198215,Chaotic
2596502653,Chaotic
2596532645,Propagate
2596733517,Propagate
2597451803,Stable
2597724331,Complex
2598257684,Homogeneous
2598592256,Propagate
2602232341,Chaotic
2602289301,Chaotic
2603382153,Chaotic
2603647189,Propagate
2603648680,Homogeneous
2603753030,Chaotic
2604000119,Complex
2604103159,Chaotic
2604114475,Stable
2604167266,Stable
2604496061,Chaotic
2605301030,Chaotic
2605591588,Propagate
2605598806,Propagate
2607260921,Chaotic
2607324296,Complex
2608108101,Chaotic
2608995754,Chaotic
2609168304,Chaotic
2609196220,Chaotic
2610243404,Chaotic
2611098881,Propagate
2611742552,Chaotic
2613016697,Complex
2613129285,Propagate
2613532193,Complex
2613918657,Complex
2614179758,Chaotic
2614356356,Propagate
2615083895,Propagate
2615507143,Chaotic
2615799509,Propagate
2616151193,Propagate
2616197747,Stable
2616696136,Chaotic
2617538616,Propagate
2617681611,Propagate
2617747281,Chaotic
2617781542,Propagate
2618314311,Propagate
2618343483,Stable
2618344818,Stable
2619370826,Propagate
2619461631,Chaotic
2620283102,Propagate
2620297035,Complex
2620311513,Chaotic
2620312598,Propagate
2620671760,Homogeneous
2621033341,Chaotic
2621354709,Chaotic
2621534950,Stable
2621961454,Propagate
2622229543,Propagate
2622647183,Chaotic
2622890036,Homogeneous
2623358983,Propagate
2624237192,Homogeneous
2624718582,Chaotic
2624834335,Chaotic
2625401719,Chaotic
2625994552,Propagate
2626086732,Propagate
2626469564,Propagate
2626765363,Chaotic
2627079793,Chaotic
2627086016,Homogeneous
2627135980,Propagate
2627529228,Propagate
2627613696,Homogeneous
2627782133,Stable
2627854262,Propagate
2627940233,Propagate
2628012816,Homogeneous
2628044840,Homogeneous
2629339026,Propagate
2630133856,Homogeneous
2630592869,Chaotic
2630765406,Propagate
2631206968,Complex
2631321682,Complex
2632107528,Homogeneous
2633270079,Chaotic
2634413111,Propagate
2634739243,Propagate
2634802703,Complex
2635506407,Chaotic
2635508776,Homogeneous
2635616935,Chaotic
2635641446,Chaotic
2636647831,Propagate
2637625897,Propagate
2638070944,Propagate
2639068594,Propagate
2640036903,Chaotic
2640479702,Chaotic
2640531767,Chaotic
2640996910,Chaotic
2641344919,Chaotic
2641619937,Propagate
2642808384,Homogeneous
2643616431,Chaotic
2643786002,Propagate
2643970575,Propagate
2644046965,Stable
2644106279,Propagate
2644206129,Chaotic
2644522146,Propagate
2644765089,Chaotic
2645323395,Chaotic
2648658366,Propagate
2648738107,Complex
2649358005,Propagate
2649389906,Chaotic
2650174611,Chaotic
2650886688,Propagate
2651968205,Chaotic
2656078198,Complex
2656086594,Propagate
2656522106,Propagate
2656930821,Propagate
2657151279,Chaotic
2657973555,Chaotic
2659704908,Propagate
2659891328,Homogeneous
2660223333,Complex
2660933507,Propagate
2661423272,Homogeneous
2661635754,Chaotic
2662013865,Propagate
2662207528,Homogeneous
2663011001,Propagate
2663471072,Stable
2664437599,Propagate
2664486875,Propagate
2664750081,Complex
2664750358,Propagate
2665720874,Propagate
2665789844,Propagate
2666481691,Chaotic
2666707262,Complex
2666748487,Propagate
2667292043,Propagate
2667858669,Complex
2668517008,Stable
2668616333,Propagate
2669688875,Propagate
2670103031,Chaotic
2670270248,Chaotic
2670573696,Propagate
2670821442,Propagate
2672514770,Complex
2672573305,Propagate
2673141208,Chaotic
2673745036,Propagate
2673890455,Propagate
2674192109,Propagate
2674744443,Propagate
2675705165,Propagate
2676432103,Chaotic
2676878743,Propagate
2679054718,Complex
2679528317,Chaotic
2679945821,Stable
2680330106,Stable
2680745957,Propagate
2680916756,Propagate
2681130947,Propagate
2681670374,Propagate
2683400260,Propagate
2684434594,Chaotic
2684512043,Propagate
2684603688,Stable
2685012752,Homogeneous
2685643886,Chaotic
2685651012,Propagate
2686108127,Propagate
2686110098,Chaotic
2686566602,Propagate
2686591792,Homogeneous
2686641851,Propagate
2686942143,Chaotic
2686949625,Propagate
2688025927,Chaotic
2688579282,Stable
2689095970,Complex
2689480199,Propagate
2690011144,Homogeneous
2690050560,Homogeneous
2690319398,Complex
2690798729,Chaotic
2691377634,Propagate
2691487276,Propagate
2691864041,Complex
2691970395,Stable
2691972939,Chaotic
2692081959,Complex
2692123003,Complex
2692533552,Homogeneous
2692691025,Stable
2692803961,Stable
2693154955,Propagate
2693985578,Chaotic
2694075897,Propagate
2694520974,Propagate
2694860228,Chaotic
2694892192,Homogeneous
2694912057,Stable
2695292089,Chaotic
2695534171,Chaotic
2695925583,Chaotic
2696277345,Propagate
2696425411,Chaotic
2697075362,Propagate
2697241392,Homogeneous
2697661976,Chaotic
2697857211,Propagate
2697987614,Propagate
2698305085,Propagate
2698893663,Chaotic
2699225253,Chaotic
2699473360,Stable
2699609152,Homogeneous
2699987374,Propagate
2700053741,Propagate
2700914322,Propagate
2702021665,Complex
2702095617,Propagate
2702111271,Propagate
2702694318,Complex
2702772448,Chaotic
2703101246,Chaotic
2703448716,Chaotic
2703971449,Complex
2704332968,Stable
2704371639,Chaotic
2704821724,Propagate
2705482824,Homogeneous
2705925058,Chaotic
2706045803,Complex
2706417080,Complex
2707762420,Chaotic
2708080787,Chaotic
2708945251,Chaotic
2709639761,Chaotic
2709973220,Propagate
2710389246,Complex
2710566582,Complex
2710815922,Chaotic
2710833013,Chaotic
2710952589,Chaotic
2711258632,Homogeneous
2712022187,Chaotic
2712159788,Propagate
2712770370,Propagate
2713193320,Propagate
2713213913,Chaotic
2713272929,Stable
2715976288,Homogeneous
2717119854,Stable
2717246860,Stable
2717865041,Propagate
2718460279,Chaotic
2718861972,Homogeneous
2720194560,Homogeneous
2720983814,Propagate
2721027812,Complex
2721197029,Propagate
2721351340,Propagate
2721744688,Homogeneous
2721926191,Propagate
2724031273,Propagate
2724230947,Complex
2724524370,Complex
2724698567,Chaotic
2724834862,Complex
2724908400,Stable
2725455809,Propagate
2725599301,Propagate
2725643400,Homogeneous
2726275542,Complex
2726366186,Propagate
2726379588,Propagate
2726476794,Propagate
2726578576,Homogeneous
2727186488,Stable
2727198493,Propagate
2727210979,Propagate
2727617059,Propagate
2728244949,Propagate
2729039064,Propagate
2729336193,Chaotic
2729817240,Complex
2730170689,Chaotic
2730243887,Chaotic
2730413686,Complex
2730439848,Chaotic
2730500160,Homogeneous
2731008648,Complex
2731200655,Propagate
2731208384,Homogeneous
2731967252,Homogeneous
2732657093,Chaotic
2732893704,Homogeneous
2733508874,Propagate
2734252963,Stable
2735054062,Chaotic
2736215502,Chaotic
2736381108,Complex
2736463996,Stable
2737023214,Propagate
2737209502,Propagate
2737345121,Chaotic
2737925237,Chaotic
2738735023,Propagate
2738829220,Chaotic
2739073600,Homogeneous
2739178112,Homogeneous
2739629302,Chaotic
2739779525,Propagate
2739832140,Propagate
2740604535,Chaotic
2740896776,Homogeneous
2741431748,Chaotic
2741744321,Propagate
2741878874,Chaotic
2741964283,Chaotic
2742548209,Propagate
2742642885,Stable
2743262653,Chaotic
2743833531,Propagate
2744220825,Propagate
2744267175,Chaotic
2744814144,Homogeneous
2745106569,Propagate
2745853246,Chaotic
2746317213,Propagate
2746628921,Propagate
2747857707,Stable
2748177664,Propagate
2748778024,Chaotic
2749311038,Complex
2749546482,Propagate
2749920037,Stable
2750152584,Propagate
2750415569,Propagate
2750574613,Complex
2750949705,Complex
2752489321,Propagate
2752909971,Chaotic
2753338368,Homogeneous
2753984278,Propagate
2755090847,Chaotic
2755143093,Chaotic
2755485771,Complex
2756097152,Homogeneous
2756150364,Propagate
2756406324,Chaotic
2757065399,Chaotic
2757249074,Stable
2757285919,Complex
2757634975,Propagate
2757853239,Chaotic
2758533667,Propagate
2759029212,Complex
2759037047,Stable
2759102556,Propagate
2759799523,Stable
2760342083,Chaotic
2760509749,Chaotic
2760588734,Propagate
2760805478,Propagate
2761027762,Stable
2761283287,Propagate
2762813218,Propagate
2762869617,Chaotic
2763144500,Homogeneous
2763573132,Propagate
2764361937,Stable
2764491784,Homogeneous
2764839632,Stable
2765215425,Propagate
2765524608,Homogeneous
2766207957,Stable
2766498401,Chaotic
2766764680,Propagate
2766840384,Homogeneous
2767188452,Stable
2767218459,Chaotic
2767280166,Chaotic
2767891624,Homogeneous
2768331230,Complex
2769401562,Propagate
2770021192,Chaotic
2770021955,Chaotic
2770503545,Chaotic
2771090690,Complex
2771169029,Propagate
2772404776,Complex
2773800737,Propagate
2774131811,Chaotic
2774329091,Propagate
2774553743,Complex
2774926468,Propagate
2775320897,Propagate
2775522440,Propagate
2776011793,Chaotic
2776095040,Complex
2776155143,Chaotic
2776307793,Complex
2776358763,Chaotic
2776371300,Propagate
2776469985,Propagate
2776587795,Chaotic
2777439991,Complex
2778001772,Chaotic
2779800549,Complex
2779813793,Propagate
2781177100,Propagate
2781569954,Chaotic
2781645815,Complex
2781891923,Chaotic
2783290795,Stable
2783304667,Propagate
2783392022,Chaotic
2784070831,Propagate
2785013534,Propagate
2785318717,Complex
2785543612,Complex
2786000162,Propagate
2786069936,Homogeneous
2786439955,Propagate
2787122923,Chaotic
2788171424,Homogeneous
2788462200,Propagate
2788678546,Chaotic
2788966420,Homogeneous
2791027186,Chaotic
2791205006,Complex
2791232393,Complex
2791429066,Complex
2791527283,Propagate
2791733938,Chaotic
2792347639,Propagate
2793117221,Chaotic
2793693337,Chaotic
2794208153,Complex
2794340296,Propagate
2794588800,Homogeneous
2794634930,Propagate
2795155945,Complex
2796701515,Propagate
2798211967,Chaotic
2798221225,Complex
2798936003,Propagate
2798938773,Chaotic
2799084691,Chaotic
2799264931,Chaotic
2799477439,Propagate
2800400286,Stable
2800940984,Stable
2802163026,Propagate
2804200827,Chaotic
2804444491,Complex
2806569935,Complex
2806776416,Homogeneous
2806778971,Propagate
2807042347,Chaotic
2807688795,Propagate
2808111375,Chaotic
2808126794,Complex
2808651006,Chaotic
2808806886,Complex
2808837047,Chaotic
2809359067,Chaotic
2809474123,Chaotic
2809756430,Chaotic
2809843200,Homogeneous
2810361049,Chaotic
2810579766,Propagate
2810614336,Homogeneous
2811299409,Chaotic
2811481165,Chaotic
2811939242,Propagate
2812203089,Chaotic
2812264367,Propagate
2812868150,Chaotic
2812875821,Complex
2814522432,Homogeneous
2814744841,Chaotic
2815087637,Complex
2815136849,Chaotic
2815282013,Propagate
2816282311,Propagate
2816331395,Propagate
2816486592,Homogeneous
2816617924,Complex
2817036946,Propagate
2817747689,Complex
2817781773,Stable
2817851970,Propagate
2819377672,Homogeneous
2820704256,Homogeneous
2821809118,Propagate
2822072239,Chaotic
2822378317,Chaotic
2823064936,Propagate
2823157344,Stable
2823344485,Chaotic
2823396242,Chaotic
2824591060,Chaotic
2824629834,Chaotic
2824732618,Propagate
2825029040,Homogeneous
2825600644,Complex
2826210994,Propagate
2827053808,Stable
2827075539,Propagate
2827408416,Homogeneous
2827482666,Chaotic
2827653260,Propagate
2827954293,Chaotic
2828174868,Homogeneous
2828315996,Propagate
2828631136,Complex
2829742424,Propagate
2830117701,Chaotic
2830309370,Complex
2830668800,Homogeneous
2830724535,Complex
2830837469,Chaotic
2830872796,Propagate
2831163141,Propagate
2831371712,Propagate
2832216007,Chaotic
2832246620,Propagate
2832313186,Chaotic
2832443099,Propagate
2833420296,Homogeneous
2833608204,Propagate
2833703992,Stable
2834423953,Stable
2834597888,Homogeneous
2834693667,Complex
2834820954,Propagate
2834840884,Homogeneous
2835042727,Stable
2835092251,Chaotic
2836517266,Propagate
2836851831,Chaotic
2838475118,Complex
2838728018,Chaotic
2839653779,Chaotic
2839684823,Propagate
2839759520,Propagate
2839761208,Chaotic
2840091367,Chaotic
2840104345,Propagate
2840850985,Chaotic
2841120596,Complex
2841212515,Chaotic
2841282235,Chaotic
2842559242,Propagate
2842715617,Stable
2842834811,Chaotic
2843279845,Stable
2843598920,Stable
2844006192,Propagate
2844394842,Chaotic
2844613185,Chaotic
2844835196,Chaotic
2845172622,Propagate
2845656437,Chaotic
2845774616,Chaotic
2846045256,Propagate
2846701401,Chaotic
2846903957,Chaotic
2847416210,Chaotic
2847562279,Chaotic
2847588801,Chaotic
2848277575,Propagate
2848456412,Propagate
2848984049,Stable
2849227494,Propagate
2849232839,Propagate
2849264247,Chaotic
2849597815,Chaotic
2849633149,Propagate
2849673224,Homogeneous
2849747084,Propagate
2850162636,Propagate
2850521812,Chaotic
2850769498,Chaotic
2851005099,Propagate
2851230518,Stable
2851230840,Stable
2851248254,Chaotic
2851381331,Stable
2851428860,Chaotic
2851627982,Propagate
2851686578,Stable
2852879124,Propagate
2853032976,Propagate
2853782951,Chaotic
2853943714,Complex
2854112401,Complex
2854912884,Homogeneous
2855850145,Stable
2855856528,Homogeneous
2857017864,Homogeneous
2857145121,Complex
2858691636,Homogeneous
2858998886,Chaotic
2860421537,Propagate
2860631226,Chaotic
2860721142,Propagate
2860806075,Chaotic
2861448832,Homogeneous
2861673724,Propagate
2861838004,Homogeneous
2862088911,Propagate
2862278164,Homogeneous
2862755650,Propagate
2863762066,Propagate
2863923472,Homogeneous
2864059081,Chaotic
2864150425,Chaotic
2864224670,Chaotic
2864283209,Complex
2864457210,Complex
2864592032,Homogeneous
2864919970,Chaotic
2865679296,Propagate
2865972664,Chaotic
2866225861,Chaotic
2866503175,Chaotic
2866693552,Homogeneous
2866986614,Propagate
2867210646,Chaotic
2867224513,Propagate
2867346778,Chaotic
2867679966,Complex
2868418568,Homogeneous
2868450609,Complex
2868955710,Propagate
2869847630,Chaotic
2870076673,Propagate
2871608024,Propagate
2871644804,Propagate
2872790327,Complex
2873175348,Propagate
2873237671,Complex
2873549250,Complex
2874782074,Stable
2874811067,Propagate
2875303857,Chaotic
2875434141,Chaotic
2875755854,Chaotic
2876381872,Stable
2876451163,Complex
2877229210,Propagate
2877845160,Homogeneous
2878200540,Propagate
2878201524,Propagate
2878380452,Complex
2879716355,Propagate
2879815469,Propagate
2879926568,Propagate
2880327491,Chaotic
2880470868,Propagate
2881033995,Chaotic
2881036988,Propagate
2881316889,Propagate
2881831548,Propagate
2881910672,Chaotic
2882833139,Stable
2883223220,Propagate
2883362888,Homogeneous
2883461653,Propagate
2883473024,Homogeneous
2884166184,Homogeneous
2884184425,Chaotic
2884231765,Propagate
2884873529,Propagate
2884887548,Stable
2884980834,Propagate
2885078983,Propagate
2885234247,Propagate
2885888447,Propagate
2887158730,Chaotic
2887427412,Homogeneous
2887491767,Chaotic
2887681752,Propagate
2887984467,Chaotic
2888690298,Propagate
2889491487,Propagate
2889635392,Stable
2889654070,Chaotic
2889775885,Propagate
2890271536,Homogeneous
2890290243,Propagate
2890441481,Complex
2892078691,Chaotic
2892676733,Chaotic
2892808429,Propagate
2892828650,Propagate
2893022747,Stable
2893690781,Chaotic
2893930991,Propagate
2894564580,Propagate
2895464616,Propagate
2895512084,Homogeneous
2895918978,Propagate
2896089430,Chaotic
2896343368,Propagate
2896552701,Propagate
2896822068,Propagate
2897663136,Homogeneous
2897835137,Chaotic
2898400928,Stable
2899226693,Propagate
2899255380,Propagate
2899333128,Homogeneous
2899553904,Propagate
2900015820,Propagate
2901745586,Complex
2901796894,Propagate
2901943696,Homogeneous
2902233920,Propagate
2903019584,Homogeneous
2903588532,Propagate
2903669495,Propagate
2904020278,Propagate
2904788278,Complex
2904889240,Chaotic
2904917894,Chaotic
2904951976,Homogeneous
2905079199,Propagate
2905614687,Chaotic
2906402157,Chaotic
2907578994,Propagate
2908679980,Propagate
2909058412,Chaotic
2909184445,Chaotic
2909405439,Propagate
2909833856,Homogeneous
2910079104,Homogeneous
2910316591,Complex
2910976189,Propagate
2911789752,Stable
2912186143,Propagate
2912495118,Chaotic
2912895509,Propagate
2913897569,Propagate
2914074818,Propagate
2914087130,Chaotic
2914432230,Propagate
2914755669,Complex
2915020814,Propagate
2915781044,Propagate
2915983573,Chaotic
2916558752,Propagate
2916892179,Chaotic
2917831391,Propagate
2918508077,Propagate
2919471667,Propagate
2919660040,Homogeneous
2920184406,Propagate
2920298049,Chaotic
2920822701,Complex
2921656840,Homogeneous
2921794983,Propagate
2922294784,Homogeneous
2922644564,Propagate
2922826926,Propagate
2923252462,Chaotic
2923523486,Propagate
2923568800,Homogeneous
2924250367,Propagate
2924324336,Complex
2924385623,Propagate
2924496436,Homogeneous
2925755598,Chaotic
2925830144,Homogeneous
2926291050,Propagate
2926646169,Chaotic
2927923735,Propagate
2928199105,Propagate
2928310291,Complex
2928925620,Propagate
2929454134,Propagate
2929752230,Propagate
2930050511,Chaotic
2930276896,Homogeneous
2930278429,Chaotic
2931043741,Chaotic
2931850267,Propagate
2931990708,Homogeneous
2932299666,Propagate
2933245143,Propagate
2934040683,Propagate
2935655550,Propagate
2935814872,Propagate
2936306833,Propagate
2937637237,Complex
2937728597,Chaotic
2937940812,Complex
2938870196,Complex
2939002139,Chaotic
2939473765,Chaotic
2939866532,Complex
2940199617,Propagate
2940395823,Complex
2941207940,Propagate
2941477775,Chaotic
2941665565,Complex
2941810671,Complex
2942290057,Propagate
2942973032,Homogeneous
2943228532,Propagate
2943261492,Propagate
2943653024,Propagate
2943805922,Propagate
2943839528,Chaotic
2944413647,Propagate
2944881865,Complex
2945486396,Propagate
2945808927,Complex
2945924157,Propagate
2946490391,Propagate
2946602952,Propagate
2946721033,Chaotic
2946849346,Chaotic
2946900634,Chaotic
2947688008,Homogeneous
2948284698,Propagate
2949125552,Propagate
2949263239,Stable
2949757580,Propagate
2950028965,Propagate
2950183979,Stable
2950234269,Propagate
2951086248,Homogeneous
2951680050,Propagate
2951893265,Complex
2952005655,Propagate
2952295757,Complex
2952777682,Propagate
2952796221,Stable
2953149406,Chaotic
2953315788,Stable
2954322676,Complex
2955551328,Homogeneous
2955633092,Chaotic
2956593448,Propagate
2956621743,Complex
2956832960,Propagate
2957333908,Stable
2957336992,Stable
2957849462,Stable
2958042000,Homogeneous
2959373613,Stable
2959500490,Propagate
2960826470,Stable
2961185384,Homogeneous
2961665293,Propagate
2962242642,Stable
2962958940,Chaotic
2963416860,Complex
2963496037,Chaotic
2963614281,Chaotic
2964229896,Propagate
2964560590,Propagate
2964732879,Propagate
2964873967,Stable
2964904994,Stable
2965426717,Chaotic
2966144543,Chaotic
2966166331,Complex
2966546812,Stable
2966549490,Stable
2966580966,Complex
2966774582,Stable
2966901216,Stable
2967464143,Propagate
2967602315,Complex
2967906665,Complex
2967925009,Complex
2968050331,Propagate
2968418299,Stable
2969269796,Stable
2970366785,Complex
2971203213,Propagate
2971393288,Propagate
2971616164,Propagate
2971801505,Complex
2971872853,Chaotic
2971941915,Chaotic
2972197867,Propagate
2972352028,Chaotic
2972472079,Propagate
2972910776,Stable
2973741272,Propagate
2974089351,Complex
2975143612,Chaotic
2975634318,Chaotic
2976188555,Chaotic
2978052978,Propagate
2978089882,Complex
2978138547,Chaotic
2979305739,Chaotic
2979924276,Propagate
2980491761,Stable
2980712298,Chaotic
2981132248,Propagate
2982318232,Stable
2982682808,Stable
2984738664,Complex
2984891603,Propagate
2985437460,Propagate
2986800141,Propagate
2987248494,Chaotic
2988095887,Chaotic
2988243627,Propagate
2988321769,Chaotic
2988600872,Homogeneous
2988918316,Propagate
2989980387,Propagate
2990158867,Chaotic
2990758164,Complex
2990776153,Propagate
2990818727,Chaotic
2991072320,Homogeneous
2991313326,Propagate
2991375951,Propagate
2991837720,Propagate
2992306651,Chaotic
2992342134,Chaotic
2992454382,Chaotic
2992769328,Homogeneous
2992950336,Homogeneous
2993573987,Propagate
2993708544,Homogeneous
2994421136,Chaotic
2994487334,Propagate
2994687318,Chaotic
2995384868,Chaotic
2995430319,Propagate
2995473606,Chaotic
2995732958,Chaotic
2996808738,Propagate
2998101445,Stable
2998269915,Stable
2998485882,Stable
2998961044,Chaotic
2999502905,Stable
2999504580,Propagate
2999720520,Stable
2999781392,Propagate
3000175894,Chaotic
3000300330,Propagate
3000493720,Propagate
3000562554,Stable
3002752836,Chaotic
3002922466,Stable
3003349300,Propagate
3003380792,Propagate
3004179184,Stable
3004230663,Complex
3004414959,Propagate
3004536571,Chaotic
3005333281,Propagate
3005396345,Chaotic
3005946243,Chaotic
3006815129,Propagate
3008173093,Propagate
3009026906,Propagate
3009829910,Propagate
3010184941,Propagate
3010573022,Stable
3010701604,Propagate
3011103518,Chaotic
3011129791,Propagate
3011322389,Propagate
3011561274,Stable
3011662651,Propagate
3011958716,Propagate
3011966884,Complex
3011982880,Propagate
3012167820,Propagate
3013210923,Chaotic
3013402849,Chaotic
3013739348,Chaotic
3013758014,Chaotic
3014295294,Propagate
3014621085,Complex
3014726702,Chaotic
3014839245,Stable
3015071610,Stable
3015796082,Stable
3016262293,Chaotic
3017123103,Chaotic
3017135998,Complex
3017424453,Chaotic
3017702601,Chaotic
3017916042,Propagate
3018739003,Complex
3019308557,Complex
3020556448,Homogeneous
3021568623,Chaotic
3021680963,Stable
3021765046,Chaotic
3022192575,Propagate
3022342488,Chaotic
3022813728,Homogeneous
3023188080,Stable
3023202696,Propagate
3023758086,Chaotic
3023770504,Complex
3023819988,Propagate
3024039726,Propagate
3024229738,Stable
3024418676,Stable
3024521440,Homogeneous
3024942600,Homogeneous
3025978280,Propagate
3026113008,Stable
3026384908,Propagate
3026454152,Homogeneous
3028105555,Chaotic
3028930672,Stable
3029719886,Chaotic
3030704974,Complex
3030818620,Propagate
3031417183,Propagate
3032490060,Propagate
3032867810,Stable
3033158280,Homogeneous
3033706950,Stable
3033838275,Propagate
3034000122,Chaotic
3034047118,Stable
3034106901,Complex
3034713774,Stable
3035990574,Propagate
3036352185,Stable
3037167195,Propagate
3037867512,Stable
3037970395,Propagate
3038123434,Chaotic
3038375814,Propagate
3038569765,Propagate
3038790113,Propagate
3038802295,Propagate
3038873330,Propagate
3039085806,Chaotic
3039439118,Propagate
3040153710,Chaotic
3040431538,Chaotic
3040434030,Chaotic
3040644230,Complex
3040916238,Complex
3041499461,Chaotic
3043162277,Chaotic
3043258824,Complex
3043521126,Stable
3044209616,Stable
3044663490,Stable
3045400900,Propagate
3046437577,Stable
3046791529,Chaotic
3047107326,Chaotic
3047285644,Propagate
3048494026,Complex
3049045512,Propagate
3052298399,Complex
3052366083,Complex
3052372849,Complex
3052534896,Stable
3052542394,Stable
3053145442,Complex
3053622792,Homogeneous
3054092835,Chaotic
3054342093,Stable
3055681246,Propagate
3055693802,Chaotic
3055793609,Complex
3056117534,Chaotic
3056630701,Propagate
3056765664,Stable
3057274160,Homogeneous
3057339843,Chaotic
3057652872,Homogeneous
3058036811,Propagate
3058303488,Homogeneous
3058576795,Chaotic
3058729152,Homogeneous
3058822027,Complex
3059454021,Complex
3060402727,Propagate
3060403962,Complex
3060408362,Propagate
3061398820,Complex
3061904147,Propagate
3062092518,Complex
3063507971,Complex
3064195879,Propagate
3064651867,Chaotic
3064861824,Homogeneous
3065399588,Homogeneous
3065996733,Chaotic
3066046349,Propagate
3066386118,Propagate
3066445360,Stable
3067666681,Stable
3068162839,Propagate
3068579797,Propagate
3068961025,Propagate
3069301690,Stable
3069452560,Homogeneous
3070090129,Propagate
3070557035,Propagate
3070964768,Propagate
3072351299,Propagate
3072671161,Complex
3072732596,Chaotic
3073768493,Propagate
3074172529,Chaotic
3075122029,Chaotic
3075280817,Chaotic
3075785865,Propagate
3076020365,Complex
3076404802,Propagate
3076911895,Propagate
3077078131,Chaotic
3077787850,Chaotic
3077940263,Complex
3078151841,Propagate
3078167013,Chaotic
3078189590,Chaotic
3078644623,Stable
3080104969,Propagate
3080721620,Complex
3081586094,Chaotic
3081776973,Complex
3082120871,Complex
3082270852,Propagate
3082316909,Chaotic
3083418319,Chaotic
3083619685,Chaotic
3085272193,Propagate
3085320828,Complex
3085540042,Propagate
3086386902,Chaotic
3086867825,Propagate
3087289352,Homogeneous
3088456717,Stable
3088679171,Complex
3089258120,Homogeneous
3089764488,Homogeneous
3089850718,Chaotic
3089928308,Stable
3091004939,Propagate
3091320992,Stable
3091937440,Propagate
3092085728,Chaotic
3092697141,Complex
3092911797,Chaotic
3093341856,Homogeneous
3094534277,Complex
3094834757,Chaotic
3095406992,Homogeneous
3095476665,Propagate
3095678455,Chaotic
3096363800,Propagate
3096871092,Homogeneous
3097502208,Homogeneous
3097852852,Propagate
3097892639,Chaotic
3097963487,Complex
3098205030,Complex
3098306719,Propagate
3098353974,Chaotic
3099431363,Propagate
3100412640,Homogeneous
3100459439,Chaotic
3101361778,Chaotic
3102872611,Complex
3105110851,Chaotic
3105647728,Complex
3106028025,Propagate
3106775595,Propagate
3107366913,Complex
3107395049,Chaotic
3108020288,Homogeneous
3108353530,Complex
3110335359,Stable
3110487082,Complex
3110549104,Chaotic
3111450582,Propagate
3112068867,Propagate
3112158453,Chaotic
3112664527,Propagate
3113756487,Chaotic
3113986504,Propagate
3115115429,Propagate
3115536103,Propagate
3115649888,Complex
3117032616,Homogeneous
3117365652,Chaotic
3117367733,Complex
3118022171,Chaotic
3118365242,Chaotic
3119215604,Stable
3120719599,Complex
3121004820,Homogeneous
3121067083,Propagate
3121869050,Stable
3122373935,Complex
3122702516,Homogeneous
3122970688,Homogeneous
3124264494,Propagate
3125184544,Homogeneous
3125243369,Chaotic
3125981511,Propagate
3126298840,Propagate
3127271056,Stable
3127395607,Chaotic
3127645089,Propagate
3127653547,Chaotic
3127740676,Propagate
3128636186,Complex
3129077209,Propagate
3129185190,Chaotic
3129355140,Chaotic
3129455980,Complex
3130116206,Complex
3131356954,Complex
3131575764,Chaotic
3131740363,Propagate
3132373519,Propagate
3132818958,Propagate
3132912136,Homogeneous
3132980940,Propagate
3133505299,Chaotic
3134174160,Propagate
3134882368,Homogeneous
3135030058,Propagate
3135405784,Propagate
3135608848,Propagate
3135800448,Homogeneous
3136223264,Homogeneous
3136339698,Stable
3136442556,Stable
3137102117,Stable
3137487950,Propagate
3137496438,Complex
3138130534,Chaotic
3138372608,Propagate
3138826166,Propagate
3138875969,Propagate
3138959564,Propagate
3139284303,Stable
3139733667,Complex
3139776356,Chaotic
3139959270,Propagate
3140357796,Propagate
3140427453,Propagate
3140871123,Propagate
3141182606,Propagate
3141311053,Propagate
3142038135,Propagate
3142230457,Complex
3142287516,Complex
3142957421,Propagate
3142987943,Chaotic
3143245862,Propagate
3143252093,Propagate
3143519183,Chaotic
3143707015,Chaotic
3143712524,Propagate
3143823628,Propagate
3143978445,Chaotic
3144652719,Chaotic
3144988256,Propagate
3145360676,Propagate
3145413290,Stable
3145461251,Propagate
3146764243,Propagate
3146859322,Complex
3146990329,Chaotic
3147651300,Chaotic
3147967339,Propagate
3148299565,Propagate
3148682975,Stable
3149163937,Propagate
3151626818,Propagate
3152114747,Chaotic
3152481608,Propagate
3152646561,Propagate
3153325678,Propagate
3153340634,Propagate
3154176542,Propagate
3154550804,Homogeneous
3154799197,Complex
3155050110,Propagate
3155229266,Stable
3155960592,Homogeneous
3156188908,Chaotic
3156613288,Homogeneous
3157048077,Propagate
3157966733,Propagate
3158280056,Chaotic
3158478146,Propagate
3158602036,Propagate
3159918856,Propagate
3159967109,Complex
3160288048,Homogeneous
3160526607,Complex
3160930353,Propagate
3161613588,Homogeneous
3161644064,Homogeneous
3162542814,Complex
3162620546,Chaotic
3163119785,Chaotic
3163520297,Stable
3163596524,Propagate
3164367968,Homogeneous
3164526869,Complex
3164916691,Complex
3165249932,Propagate
3165552769,Complex
3165745278,Stable
3165897296,Propagate
3166216324,Propagate
3166297573,Propagate
3166340379,Propagate
3166404440,Chaotic
3167024640,Homogeneous
3167032892,Complex
3167681557,Propagate
3167824512,Propagate
3169225598,Propagate
3169283062,Chaotic
3170323834,Complex
3170605251,Propagate
3170869314,Propagate
3170940554,Propagate
3170981119,Propagate
3171549304,Stable
3172173391,Chaotic
3172282824,Complex
3172307122,Complex
3172472567,Chaotic
3172473207,Propagate
3173080532,Stable
3173383191,Propagate
3173783050,Chaotic
3174971215,Complex
3176000724,Propagate
3176793979,Chaotic
3177377870,Propagate
3177822387,Chaotic
3178427757,Propagate
3178429434,Propagate
3178521708,Complex
3178659381,Chaotic
3179068199,Chaotic
3179741006,Propagate
3180435498,Complex
3181029088,Homogeneous
3181143731,Chaotic
3181393478,Propagate
3181628463,Propagate
3182537112,Propagate
3182883284,Stable
3183036217,Complex
3183140564,Propagate
3183562527,Propagate
3183610739,Propagate
3184546879,Stable
3184844840,Propagate
3184858732,Propagate
3184935163,Complex
3186651306,Stable
3187146492,Propagate
3187443927,Propagate
3187634438,Propagate
3187968032,Homogeneous
3188021127,Propagate
3188025435,Propagate
3188655387,Propagate
3190649866,Propagate
3191762519,Chaotic
3192537256,Homogeneous
3192676405,Chaotic
3193586770,Chaotic
3193975799,Complex
3194246454,Chaotic
3194412791,Complex
3194512384,Homogeneous
3195876216,Complex
3196810266,Propagate
3197515433,Propagate
3197663606,Propagate
3197732170,Chaotic
3198297652,Homogeneous
3198328318,Propagate
3198484273,Propagate
3199373113,Propagate
3199703321,Propagate
3199876655,Stable
3199928792,Stable
3200378073,Stable
3200469435,Propagate
3200490039,Propagate
3200954299,Propagate
3201441524,Propagate
3201809805,Propagate
3202107701,Propagate
3202178634,Propagate
3202680096,Propagate
3203768294,Propagate
3205068477,Propagate
3205169713,Complex
3205249532,Propagate
3205302077,Propagate
3206447974,Stable
3207237623,Propagate
3207337120,Propagate
3207633213,Chaotic
3208359616,Propagate
3208399878,Stable
3209603072,Homogeneous
3210405862,Propagate
3210555359,Stable
3210696814,Chaotic
3211686200,Propagate
3211920041,Propagate
3212035416,Chaotic
3212316223,Propagate
3212530587,Chaotic
3212920902,Chaotic
3212962826,Complex
3213158372,Propagate
3213213454,Propagate
3214238096,Propagate
3214960121,Propagate
3215220872,Homogeneous
3215664859,Stable
3216675603,Propagate
3216748927,Propagate
3216980347,Stable
3217034696,Propagate
3217071315,Propagate
3217277732,Propagate
3217572709,Chaotic
3218256710,Propagate
3218506752,Homogeneous
3218552292,Chaotic
3218726330,Propagate
3218981849,Propagate
3219125407,Propagate
3219159744,Chaotic
3219344860,Chaotic
3219579658,Complex
3220155912,Propagate
3220830430,Propagate
3220951811,Propagate
3221325734,Chaotic
3222236923,Propagate
3222592072,Homogeneous
3223271103,Chaotic
3223642833,Propagate
3223941963,Chaotic
3224127528,Homogeneous
3224423497,Complex
3224995600,Propagate
3225197375,Complex
3225367864,Chaotic
3225456485,Chaotic
3225968362,Propagate
3226113732,Propagate
3226512272,Homogeneous
3226577581,Chaotic
3226614957,Chaotic
3226983774,Propagate
3227478447,Propagate
3227816098,Propagate
3228172308,Homogeneous
3228362197,Propagate
3228431072,Chaotic
3228593184,Homogeneous
3228856718,Propagate
3229222016,Homogeneous
3229233394,Stable
3229857594,Propagate
3230522419,Complex
3230812167,Complex
3231174163,Chaotic
3232711461,Chaotic
3233217762,Propagate
3233261704,Propagate
3233267970,Propagate
3233323643,Chaotic
3233348719,Propagate
3234735808,Homogeneous
3235024812,Propagate
3235116457,Complex
3235411761,Stable
3235772571,Propagate
3236151037,Propagate
3236539184,Propagate
3236684604,Propagate
3236854944,Homogeneous
3237207282,Propagate
3237631826,Propagate
3237734301,Propagate
3238718279,Propagate
3238731913,Complex
3239011884,Chaotic
3239055974,Chaotic
3239406957,Complex
3239795096,Chaotic
3239847424,Homogeneous
3240479848,Complex
3240540982,Chaotic
3240886107,Propagate
3240933584,Stable
3241246646,Propagate
3241989698,Chaotic
3242479311,Propagate
3242677429,Propagate
3242693977,Propagate
3243089563,Propagate
3243582336,Propagate
3243774098,Stable
3243839315,Complex
3243898997,Propagate
3245179885,Propagate
3246059658,Stable
3246278340,Propagate
3246288904,Homogeneous
3246630131,Propagate
3246674656,Homogeneous
3247153883,Propagate
3247205793,Propagate
3247326079,Propagate
3247617908,Propagate
3247684543,Propagate
3248026915,Chaotic
3248149900,Propagate
3248898619,Chaotic
3249089427,Chaotic
3249373129,Propagate
3250097792,Homogeneous
3250414398,Stable
3250895452,Propagate
3251136520,Homogeneous
3252181464,Propagate
3253072633,Stable
3253318655,Stable
3254178505,Propagate
3254657576,Stable
3254686726,Propagate
3254978977,Chaotic
3255732243,Chaotic
3255864874,Propagate
3255876945,Chaotic
3255992543,Complex
3256292393,Chaotic
3256493263,Propagate
3256934985,Chaotic
3257378266,Propagate
3257450793,Chaotic
3257481602,Complex
3258087863,Propagate
3259052811,Propagate
3259138515,Chaotic
3259531604,Homogeneous
3259599594,Propagate
3260013851,Propagate
3260036409,Chaotic
3261605950,Propagate
3261988185,Chaotic
3264134512,Stable
3264177518,Chaotic
3264367808,Homogeneous
3264398710,Chaotic
3265068044,Stable
3265415410,Propagate
3265724108,Propagate
3265762953,Chaotic
3266097901,Propagate
3266321661,Propagate
3266761413,Chaotic
3266860483,Chaotic
3267012128,Homogeneous
3268057908,Homogeneous
3268175015,Propagate
3268736237,Propagate
3268755799,Complex
3268977040,Homogeneous
3269108278,Propagate
3269456693,Propagate
3269485728,Homogeneous
3269581508,Propagate
3270319100,Chaotic
3271829596,Propagate
3272602734,Complex
3273413846,Chaotic
3273579452,Propagate
3273695553,Propagate
3274958945,Stable
3274990238,Chaotic
3275036148,Chaotic
3275930923,Chaotic
3276270830,Propagate
3276513211,Propagate
3276522419,Propagate
3276578047,Complex
3277528204,Chaotic
3278225437,Propagate
3278894859,Propagate
3279182318,Chaotic
3279476874,Propagate
3280739604,Propagate
3281111027,Chaotic
3282103872,Homogeneous
3282188620,Chaotic
3282825251,Propagate
3283137396,Propagate
3283259600,Stable
3284620817,Complex
3285642717,Propagate
3285718368,Propagate
3285846016,Homogeneous
3285990276,Complex
3286008260,Propagate
3286538563,Complex
3287328955,Stable
3288203651,Propagate
3288638237,Stable
3289041869,Complex
3289144721,Propagate
3289233844,Chaotic
3289909050,Propagate
3289948852,Homogeneous
3291348302,Propagate
3291576834,Propagate
3291717955,Chaotic
3291914211,Chaotic
3292207987,Chaotic
3292409636,Homogeneous
3292768952,Chaotic
3292955264,Homogeneous
3293242944,Homogeneous
3293802269,Propagate
3295704294,Stable
3295737050,Propagate
3295973687,Chaotic
3296261873,Complex
3296419227,Chaotic
3297449857,Chaotic
3298707471,Propagate
3298748680,Propagate
3299583838,Chaotic
3299839555,Chaotic
3299881676,Propagate
3299989282,Propagate
3300006184,Propagate
3300516815,Propagate
3300636585,Propagate
3301106403,Propagate
3301581960,Homogeneous
3301590720,Homogeneous
3301788443,Chaotic
3302103416,Stable
3302120404,Stable
3302212940,Complex
3302447489,Propagate
3302827269,Propagate
3302983980,Propagate
3303077888,Homogeneous
3303344919,Chaotic
3303427160,Stable
3303430664,Homogeneous
3304760512,Homogeneous
3306237405,Propagate
3306247679,Stable
3306284747,Propagate
3306878985,Chaotic
3307275949,Chaotic
3307323181,Propagate
3307453350,Complex
3307665144,Complex
3307722686,Propagate
3308316083,Chaotic
3308581817,Chaotic
3309072683,Propagate
3310329670,Propagate
3310708287,Chaotic
3310968941,Chaotic
3311768727,Chaotic
3311931853,Chaotic
3313065797,Chaotic
3314181915,Complex
3314423545,Complex
3314633200,Stable
3314868278,Chaotic
3315662701,Propagate
3317087767,Chaotic
3317458042,Chaotic
3317510369,Chaotic
3317780148,Propagate
3318001888,Homogeneous
3318068090,Chaotic
3318614428,Propagate
3319016992,Propagate
3319504847,Propagate
3320303242,Propagate
3321056688,Propagate
3321412630,Complex
3325094976,Homogeneous
3325429898,Propagate
3325622506,Propagate
3326637640,Homogeneous
3327059683,Complex
3327433888,Homogeneous
3328200936,Propagate
3328203342,Chaotic
3328245760,Propagate
3329043076,Complex
3329100800,Homogeneous
3329792947,Chaotic
3330022956,Propagate
3330938159,Chaotic
3331327124,Homogeneous
3331578385,Propagate
3331782118,Complex
3332894265,Complex
3333871013,Chaotic
3334403712,Homogeneous
3335817531,Chaotic
3337043481,Chaotic
3337083093,Propagate
3338090224,Chaotic
3338242908,Chaotic
3338250293,Complex
3338446608,Homogeneous
3338650234,Propagate
3338690720,Homogeneous
3339454477,Propagate
3340087993,Chaotic
3340590688,Propagate
3340679186,Complex
3341438947,Complex
3341989056,Homogeneous
3342822939,Chaotic
3342961538,Propagate
3343290201,Propagate
3343489258,Propagate
3343912616,Homogeneous
3344175247,Complex
3346244810,Complex
3346480879,Chaotic
3347241971,Complex
3347428251,Propagate
3347905692,Propagate
3348001919,Propagate
3349486017,Chaotic
3350573756,Chaotic
3350683715,Propagate
3350731458,Propagate
3350865580,Complex
3351971255,Propagate
3351994936,Chaotic
3352010181,Propagate
3352370726,Complex
3352548973,Propagate
3352844121,Chaotic
3352885847,Chaotic
3353345173,Propagate
3353841519,Complex
3353907240,Homogeneous
3354737967,Chaotic
3355370399,Propagate
3356152864,Homogeneous
3356504421,Stable
3356625550,Propagate
3356748269,Propagate
3357363412,Propagate
3357841480,Homogeneous
3359640739,Complex
3360324392,Propagate
3361393222,Stable
3362649175,Chaotic
3362675861,Propagate
3363619214,Propagate
3363628552,Homogeneous
3363849921,Chaotic
3364512142,Complex
3364725835,Complex
3366387234,Chaotic
3366570505,Chaotic
3366781052,Propagate
3367557574,Propagate
3367944284,Propagate
3367950791,Propagate
3367998145,Propagate
3368543615,Propagate
3368551048,Homogeneous
3368968659,Propagate
3369223004,Stable
3369522969,Chaotic
3369597826,Propagate
3369720142,Propagate
3369914783,Propagate
3370043657,Propagate
3371313672,Homogeneous
3371518122,Stable
3371740020,Homogeneous
3372104909,Propagate
3373123511,Complex
3374591401,Chaotic
3374808475,Chaotic
3375062649,Chaotic
3375153344,Homogeneous
3375413554,Propagate
3375806094,Propagate
3376378387,Complex
3376485730,Chaotic
3377683299,Chaotic
3377708489,Chaotic
3378046814,Chaotic
3378538244,Propagate
3379600448,Homogeneous
3379864739,Chaotic
3380259880,Homogeneous
3380686914,Complex
3381154368,Homogeneous
3381178411,Complex
3381442019,Complex
3381747775,Chaotic
3382080147,Chaotic
3382236509,Chaotic
3383220511,Propagate
3383695608,Chaotic
3383915506,Propagate
3384310819,Chaotic
3384506916,Propagate
3384944951,Chaotic
3385719014,Propagate
3385781625,Propagate
3386061969,Propagate
3386329333,Propagate
3387056244,Propagate
3387068274,Propagate
3387426513,Complex
3387575472,Stable
3387937941,Propagate
3387994226,Stable
3388031535,Stable
3389454440,Homogeneous
3389703712,Homogeneous
3389801143,Chaotic
3390975540,Homogeneous
3391642221,Chaotic
3391738448,Propagate
3391789108,Stable
3392190407,Chaotic
3392460590,Propagate
3392517656,Chaotic
3392705541,Complex
3393050713,Propagate
3393550164,Propagate
3394619673,Chaotic
3394940788,Homogeneous
3394971001,Chaotic
3395829500,Propagate
3395953188,Propagate
3396205985,Chaotic
3396314441,Chaotic
3396633508,Homogeneous
3397200879,Chaotic
3397387696,Homogeneous
3397785943,Chaotic
3398045736,Homogeneous
3398383187,Chaotic
3398414739,Propagate
3398652920,Complex
3398967547,Stable
3399053498,Stable
3399656846,Propagate
3400024464,Homogeneous
3400230873,Chaotic
3400554112,Homogeneous
3400872829,Propagate
3400907901,Propagate
3401344090,Chaotic
3401486551,Propagate
3401954956,Propagate
3402272024,Propagate
3402392576,Homogeneous
3402429819,Propagate
3402479999,Propagate
3402574997,Complex
3403202577,Stable
3403304832,Propagate
3403329076,Homogeneous
3403845222,Propagate
3404246024,Homogeneous
3404313767,Propagate
3404375316,Homogeneous
3404513267,Propagate
3405202429,Propagate
3405332186,Chaotic
3405620755,Propagate
3406418019,Chaotic
3407018199,Chaotic
3407108270,Chaotic
3407298619,Complex
3407401024,Homogeneous
3407851337,Complex
3408516594,Chaotic
3409016125,Chaotic
3409067573,Propagate
3409512792,Complex
3409620485,Complex
3410225811,Chaotic
3410263702,Propagate
3410348371,Chaotic
3410713148,Chaotic
3410884101,Chaotic
3410902080,Homogeneous
3411429952,Homogeneous
3411663793,Chaotic
3412269067,Chaotic
3412416179,Chaotic
3412616567,Chaotic
3412635296,Homogeneous
3414018197,Propagate
3414414779,Propagate
3414494478,Propagate
3414537141,Complex
3415377920,Homogeneous
3415709153,Chaotic
3415982886,Complex
3415984730,Propagate
3416550432,Homogeneous
3416833037,Propagate
3418322642,Chaotic
3418900313,Complex
3419221954,Propagate
3419319262,Propagate
3419410162,Stable
3419769846,Propagate
3419986570,Propagate
3419989027,Complex
3420707835,Propagate
3420971552,Propagate
3421738100,Chaotic
3421758079,Stable
3421802382,Propagate
3421906056,Homogeneous
3422128551,Propagate
3422478845,Propagate
3423187767,Chaotic
3424526867,Chaotic
3424811772,Propagate
3425014638,Chaotic
3425566752,Homogeneous
3425574323,Stable
3425581728,Homogeneous
3425691870,Propagate
3426165263,Chaotic
3426409903,Chaotic
3426663902,Complex
3426789084,Propagate
3426810003,Chaotic
3427304337,Complex
3427995190,Propagate
3429075897,Chaotic
3429099553,Propagate
3429120616,Homogeneous
3429372598,Complex
3430040736,Homogeneous
3431078106,Propagate
3431096328,Homogeneous
3431332444,Propagate
3431416559,Propagate
3431913796,Propagate
3432012163,Propagate
3432511226,Propagate
3432665132,Propagate
3433026356,Complex
3433381886,Chaotic
3434478737,Complex
3434612033,Complex
3435407619,Chaotic
3435486212,Propagate
3435488617,Propagate
3435694176,Homogeneous
3435790464,Homogeneous
3436055080,Homogeneous
3436846156,Propagate
3438157178,Propagate
3438263442,Propagate
3438473251,Stable
3438518641,Stable
3438718665,Propagate
3439176464,Propagate
3439329863,Propagate
3439539368,Complex
3440072820,Chaotic
3441045291,Propagate
3442058095,Chaotic
3443542536,Homogeneous
3443674664,Homogeneous
3443838797,Propagate
3444271529,Chaotic
3444535213,Propagate
3445219832,Propagate
3445327650,Complex
3445573666,Propagate
3446684826,Stable
3446913268,Complex
3447456252,Propagate
3448472732,Propagate
3448589384,Propagate
3449344691,Propagate
3449592134,Chaotic
3449651159,Propagate
3450410495,Chaotic
3451423079,Propagate
3452634669,Stable
3452748602,Chaotic
3452761567,Propagate
3453625530,Chaotic
3454152476,Chaotic
3454295086,Propagate
3455204977,Complex
3455653957,Propagate
3455677607,Propagate
3455706994,Propagate
3455746764,Propagate
3455779727,Propagate
3455832348,Propagate
3455872736,Chaotic
3456509056,Homogeneous
3457645390,Propagate
3457855104,Homogeneous
3458939408,Complex
3459364668,Complex
3459650184,Homogeneous
3459716271,Chaotic
3459766116,Chaotic
3459785104,Homogeneous
3460833135,Propagate
3460967357,Complex
3461014240,Homogeneous
3461118083,Chaotic
3462604856,Stable
3462681307,Complex
3463208799,Propagate
3463841709,Chaotic
3463937792,Complex
3464161270,Chaotic
3464644425,Propagate
3464902222,Complex
3464999517,Chaotic
3465071405,Complex
3465161794,Propagate
3465947957,Chaotic
3466355632,Homogeneous
3466467857,Complex
3466573480,Propagate
3466589567,Propagate
3466769212,Propagate
3467870432,Stable
3468173213,Propagate
3468181696,Homogeneous
3469216936,Homogeneous
3469645661,Propagate
3469707179,Propagate
3470429115,Propagate
3471189200,Stable
3471423167,Propagate
3471612154,Propagate
3472425332,Propagate
3473135617,Propagate
3473183671,Propagate
3473558782,Propagate
3474465352,Homogeneous
3474550883,Chaotic
3475541414,Complex
3475640967,Chaotic
3476182326,Chaotic
3476477323,Chaotic
3477673673,Propagate
3479606880,Homogeneous
3479623537,Propagate
3480042139,Chaotic
3480220022,Chaotic
3480401142,Propagate
3480865519,Propagate
3481406808,Complex
3482141802,Propagate
3482238042,Propagate
3482499218,Stable
3483167721,Propagate
3483472414,Complex
3483665857,Propagate
3483828685,Stable
3484302947,Chaotic
3484306259,Stable
3484805723,Propagate
3484974703,Complex
3485150934,Propagate
3485180052,Propagate
3485530401,Propagate
3485814186,Propagate
3486374959,Propagate
3486597634,Propagate
3487216432,Propagate
3487410627,Propagate
3487803453,Propagate
3488443662,Propagate
3488735805,Propagate
3488802955,Propagate
3489790432,Stable
3489925120,Homogeneous
3491642757,Stable
3492060474,Chaotic
3493361713,Stable
3493751953,Chaotic
3494198866,Stable
3494239516,Propagate
3495185952,Homogeneous
3495315448,Chaotic
3496056329,Chaotic
3497155420,Stable
3497184355,Chaotic
3497807801,Propagate
3497895033,Chaotic
3497955584,Propagate
3498139662,Chaotic
3498713682,Propagate
3498922101,Complex
3499574286,Propagate
3500408629,Complex
3500426290,Propagate
3500641163,Stable
3504194390,Chaotic
3504577588,Complex
3504793184,Stable
3505834993,Stable
3505996819,Chaotic
3507195112,Homogeneous
3507212752,Propagate
3507424041,Stable
3507489375,Chaotic
3507556911,Complex
3507706582,Complex
3509435546,Stable
3509767740,Propagate
3510006801,Propagate
3510555080,Homogeneous
3511377287,Chaotic
3511390125,Homogeneous
3511602106,Homogeneous
3511733490,Stable
3512719585,Propagate
3512921351,Propagate
3513530300,Chaotic
3513707994,Propagate
3514541468,Homogeneous
3514551453,Homogeneous
3515101988,Complex
3515478540,Propagate
3515624160,Homogeneous
3515692369,Complex
3516673683,Complex
3516770886,Complex
3518381327,Chaotic
3518401124,Propagate
3518871744,Propagate
3518909679,Propagate
3520547508,Propagate
3520839092,Propagate
3521374552,Propagate
3521509720,Stable
3522031552,Propagate
3522623596,Stable
3523141525,Propagate
3523538974,Propagate
3523544958,Complex
3523612296,Homogeneous
3523632839,Propagate
3523742576,Stable
3523832804,Complex
3524176919,Complex
3524203891,Chaotic
3524233168,Complex
3524892665,Homogeneous
3525083896,Homogeneous
3525102015,Homogeneous
3525180157,Homogeneous
3525610636,Stable
3526330352,Homogeneous
3526695601,Chaotic
3527138058,Complex
3527269426,Chaotic
3527319974,Homogeneous
3527775896,Stable
3527977383,Stable
3528062205,Homogeneous
3528463765,Chaotic
3528743968,Homogeneous
3529504615,Propagate
3529615275,Complex
3529663610,Complex
3530072495,Homogeneous
3530422265,Homogeneous
3530959836,Chaotic
3531110482,Stable
3531141851,Homogeneous
3531317774,Stable
3531443646,Homogeneous
3531450792,Homogeneous
3531884396,Propagate
3532123265,Propagate
3532188414,Homogeneous
3532255403,Stable
3532424412,Homogeneous
3533236968,Homogeneous
3533275630,Homogeneous
3533292495,Homogeneous
3533361802,Homogeneous
3533420223,Homogeneous
3534117568,Stable
3534655704,Homogeneous
3534720134,Homogeneous
3534723054,Homogeneous
3534791460,Stable
3535456745,Homogeneous
3535774142,Homogeneous
3536007694,Propagate
3536126061,Propagate
3536502254,Homogeneous
3536516524,Homogeneous
3536805149,Chaotic
3536843203,Homogeneous
3537411768,Homogeneous
3537421450,Homogeneous
3537497838,Homogeneous
3537512096,Stable
3537888485,Homogeneous
3538005544,Propagate
3538072367,Stable
3538431800,Chaotic
3538590670,Homogeneous
3538671779,Homogeneous
3538718380,Homogeneous
3538871804,Homogeneous
3539344970,Chaotic
3539572687,Homogeneous
3539636430,Homogeneous
3539861355,Propagate
3540085129,Propagate
3540166655,Homogeneous
3540249069,Homogeneous
3540386819,Propagate
3540561778,Propagate
3540668403,Propagate
3540684219,Homogeneous
3540751816,Homogeneous
3540817125,Homogeneous
3540844000,Homogeneous
3540953835,Homogeneous
3541274287,Homogeneous
3541495295,Homogeneous
3541819597,Homogeneous
3542015770,Propagate
3542022318,Homogeneous
3542328717,Homogeneous
3542599852,Homogeneous
3542634833,Propagate
3542872798,Homogeneous
3542926306,Homogeneous
3543035341,Propagate
3543045086,Homogeneous
3543568634,Stable
3543787488,Homogeneous
3543936511,Complex
3544234957,Stable
3544369663,Homogeneous
3544756935,Homogeneous
3544906749,Homogeneous
3545148641,Propagate
3545229274,Homogeneous
3545683919,Homogeneous
3545996542,Homogeneous
3546230310,Propagate
3546503094,Propagate
3546740285,Propagate
3546848948,Homogeneous
3546901962,Complex
3546995182,Homogeneous
3547170247,Homogeneous
3547332520,Homogeneous
3548130004,Chaotic
3548220321,Homogeneous
3548243952,Homogeneous
3548497316,Stable
3548714945,Propagate
3548829824,Stable
3548944801,Homogeneous
3549046920,Homogeneous
3549204448,Homogeneous
3549343435,Homogeneous
3549345185,Homogeneous
3549400244,Homogeneous
3549841496,Stable
3550083288,Homogeneous
3550353803,Propagate
3550405631,Homogeneous
3550564695,Propagate
3551189179,Homogeneous
3551259109,Homogeneous
3551433970,Homogeneous
3551454407,Homogeneous
3551497386,Homogeneous
3551518913,Homogeneous
3551752568,Propagate
3552160201,Homogeneous
3552238841,Homogeneous
3552426158,Homogeneous
3552552867,Homogeneous
3552725457,Chaotic
3553163967,Homogeneous
3553360188,Propagate
3553371691,Complex
3553603783,Homogeneous
3554271681,Homogeneous
3554343623,Homogeneous
3554528666,Homogeneous
3554534570,Homogeneous
3554595236,Homogeneous
3555302975,Stable
3555365589,Homogeneous
3555506365,Homogeneous
3555517156,Homogeneous
3555574491,Homogeneous
3555636641,Homogeneous
3555710371,Homogeneous
3555710980,Propagate
3556350140,Homogeneous
3556370563,Homogeneous
3556413318,Homogeneous
3556545454,Homogeneous
3556628974,Homogeneous
3556746747,Homogeneous
3556762079,Homogeneous
3558273523,Stable
3558476571,Chaotic
3559270786,Chaotic
3560345608,Homogeneous
3560463898,Chaotic
3560561567,Propagate
3560740179,Chaotic
3561287884,Stable
3562022940,Propagate
3562265906,Propagate
3562996941,Propagate
3563003145,Propagate
3563514089,Propagate
3564515485,Propagate
3564686608,Homogeneous
3564904038,Chaotic
3564956322,Stable
3564984187,Chaotic
3565039061,Chaotic
3566236537,Stable
3566350839,Stable
3566852761,Propagate
3567005824,Homogeneous
3567267411,Complex
3567277985,Stable
3567277991,Stable
3567779968,Homogeneous
3567962531,Propagate
3568769420,Chaotic
3568848176,Homogeneous
3569503024,Homogeneous
3569997677,Stable
3570701584,Propagate
3570854441,Complex
3571367688,Stable
3571608135,Chaotic
3571617240,Stable
3571976249,Stable
3572358811,Propagate
3572399725,Propagate
3572585304,Propagate
3572703317,Complex
3573087602,Stable
3573375566,Chaotic
3574027737,Propagate
3574292779,Complex
3576111591,Chaotic
3576432305,Propagate
3576450588,Chaotic
3576903400,Chaotic
3577015837,Chaotic
3577125828,Propagate
3577240334,Chaotic
3577315725,Stable
3578991931,Propagate
3579009574,Propagate
3579756395,Complex
3579761653,Propagate
3580061969,Complex
3580236717,Chaotic
3580684522,Stable
3580822352,Propagate
3580907314,Chaotic
3580937699,Stable
3581238556,Propagate
3581579121,Chaotic
3581606108,Homogeneous
3581833569,Complex
3581912727,Propagate
3582463007,Propagate
3582477022,Complex
3582546135,Propagate
3584038395,Stable
3584558315,Chaotic
3584744953,Propagate
3585074500,Propagate
3585112032,Stable
3585407509,Propagate
3585449628,Propagate
3585915088,Propagate
3586301162,Stable
3586396734,Chaotic
3587428066,Stable
3588553319,Stable
3589427315,Stable
3589549225,Complex
3589880171,Chaotic
3590414903,Chaotic
3590711152,Propagate
3590926396,Complex
3590952346,Propagate
3591711890,Chaotic
3593889559,Propagate
3593984242,Chaotic
3594297067,Homogeneous
3594675808,Homogeneous
3594730329,Chaotic
3595189472,Stable
3595290271,Propagate
3596497516,Propagate
3596931684,Stable
3597472507,Chaotic
3598025991,Chaotic
3598042592,Stable
3598355152,Stable
3598639794,Homogeneous
3598945661,Propagate
3599378496,Homogeneous
3599884443,Stable
3600300160,Homogeneous
3600542812,Propagate
3600630513,Propagate
3601509047,Homogeneous
3601841795,Homogeneous
3602020013,Chaotic
3602367647,Stable
3602638558,Homogeneous
3602744983,Stable
3603326584,Stable
3604255920,Stable
3604291679,Propagate
3604460472,Stable
3604858318,Homogeneous
3605650367,Homogeneous
3605733298,Stable
3605776317,Homogeneous
3605776448,Propagate
3606040557,Homogeneous
3606519165,Propagate
3606667110,Propagate
3606694587,Homogeneous
3606704086,Homogeneous
3606746315,Homogeneous
3606772890,Homogeneous
3606939068,Homogeneous
3607033105,Propagate
3607148787,Propagate
3607183629,Chaotic
3607340009,Propagate
3607559157,Propagate
3608780929,Homogeneous
3608782581,Homogeneous
3608908495,Homogeneous
3608916190,Homogeneous
3609101742,Homogeneous
3609371052,Homogeneous
3609384842,Homogeneous
3609387912,Homogeneous
3609650943,Homogeneous
3609891535,Homogeneous
3609929593,Complex
3609944328,Propagate
3610681484,Homogeneous
3611338544,Propagate
3611571447,Propagate
3611693857,Propagate
3612508783,Complex
3612864969,Homogeneous
3613028083,Propagate
3613204720,Propagate
3613207837,Propagate
3613295342,Homogeneous
3613809882,Complex
3613852049,Propagate
3613889161,Homogeneous
3613911981,Homogeneous
3614301136,Propagate
3614370543,Homogeneous
3614491587,Propagate
3614882298,Homogeneous
3614942327,Propagate
3615216125,Homogeneous
3615705693,Chaotic
3616517349,Propagate
3616738122,Chaotic
3617298330,Homogeneous
3618428445,Propagate
3619194248,Homogeneous
3619270596,Homogeneous
3619529372,Homogeneous
3619543551,Homogeneous
3619662037,Homogeneous
3619678966,Homogeneous
3619684241,Homogeneous
3619750362,Propagate
3620013742,Propagate
3620021413,Propagate
3621072427,Propagate
3621126194,Stable
3621299136,Homogeneous
3622273631,Propagate
3623387886,Homogeneous
3623497101,Chaotic
3623664256,Homogeneous
3623731945,Homogeneous
3623783608,Homogeneous
3623868092,Homogeneous
3623873179,Homogeneous
3626284643,Chaotic
3626406710,Chaotic
3626940878,Complex
3627667630,Stable
3628932625,Chaotic
3629150560,Stable
3629416688,Stable
3629501310,Complex
3629704435,Stable
3629852148,Complex
3629899649,Complex
3630081396,Propagate
3630375124,Chaotic
3630552730,Complex
3630863717,Chaotic
3631043146,Chaotic
3631672328,Homogeneous
3631955446,Complex
3632389187,Complex
3632444865,Stable
3632983567,Propagate
3633987776,Stable
3634542115,Propagate
3634787943,Chaotic
3634795044,Propagate
3635072032,Homogeneous
3635615426,Chaotic
3636114745,Stable
3636316117,Propagate
3636609076,Homogeneous
3637262136,Chaotic
3638153430,Propagate
3638163913,Propagate
3639152764,Stable
3639928142,Propagate
3639960595,Chaotic
3640258183,Propagate
3641145712,Propagate
3641231483,Chaotic
3641493764,Propagate
3642143400,Propagate
3642197907,Propagate
3642610415,Homogeneous
3643178931,Chaotic
3643576871,Chaotic
3643618876,Chaotic
3644068696,Chaotic
3644435505,Propagate
3644832350,Propagate
3644982907,Propagate
3645120421,Propagate
3645816648,Propagate
3646431240,Homogeneous
3647042896,Propagate
3647657701,Stable
3647808031,Chaotic
3648867130,Propagate
3648870364,Chaotic
3648899533,Propagate
3649179348,Propagate
3649539171,Propagate
3649595613,Chaotic
3650814487,Chaotic
3651408093,Chaotic
3651673432,Chaotic
3651863330,Propagate
3651864488,Stable
3651981656,Propagate
3651982376,Stable
3653347993,Propagate
3653647280,Chaotic
3654050999,Complex
3654178208,Propagate
3654548102,Propagate
3654814605,Complex
3655362586,Propagate
3656154277,Propagate
3656488400,Stable
3657615255,Chaotic
3658011803,Homogeneous
3658080160,Stable
3658149221,Chaotic
3658304095,Chaotic
3659381856,Propagate
3660382056,Propagate
3660778145,Propagate
3660985518,Complex
3661480826,Propagate
3661559876,Propagate
3662390791,Complex
3662404042,Complex
3662452462,Homogeneous
3662530119,Complex
3662728339,Propagate
3663232650,Chaotic
3663463618,Propagate
3663479486,Propagate
3665047890,Propagate
3665531029,Complex
3667166597,Stable
3667206915,Chaotic
3668499077,Homogeneous
3669319726,Stable
3669467895,Propagate
3669673229,Propagate
3669767495,Complex
3672791226,Propagate
3673405782,Propagate
3673561638,Complex
3673945712,Stable
3673963736,Chaotic
3673964703,Propagate
3674130601,Propagate
3674266350,Complex
3674369777,Propagate
3675772460,Propagate
3675782475,Propagate
3675794988,Propagate
3676103905,Homogeneous
3676237923,Complex
3676349806,Chaotic
3676451655,Chaotic
3676547724,Propagate
3676670420,Complex
3676952559,Homogeneous
3677153362,Propagate
3677163821,Chaotic
3677692542,Chaotic
3678244993,Homogeneous
3678470369,Propagate
3678660216,Complex
3679409763,Propagate
3679636056,Stable
3679949681,Propagate
3680017373,Propagate
3680291597,Complex
3680499625,Propagate
3681168394,Propagate
3681423690,Propagate
3681798317,Complex
3683586872,Propagate
3683935600,Propagate
3684276987,Propagate
3684425711,Propagate
3685392396,Propagate
3685593996,Propagate
3686201195,Propagate
3686450908,Propagate
3686593761,Propagate
3686995415,Propagate
3687629943,Complex
3687931549,Complex
3688284070,Propagate
3689813910,Propagate
3690319936,Propagate
3690846590,Propagate
3691765056,Propagate
3691982799,Propagate
3692105921,Complex
3692613216,Homogeneous
3694275735,Chaotic
3694381513,Chaotic
3694387705,Stable
3695264807,Complex
3695564089,Complex
3695891819,Propagate
3696336407,Complex
3696689457,Propagate
3697020653,Propagate
3698076704,Homogeneous
3698398815,Chaotic
3698408854,Propagate
3699466215,Propagate
3699639840,Homogeneous
3700050235,Chaotic
3700092464,Stable
3700565705,Chaotic
3700855390,Chaotic
3701002945,Propagate
3701071948,Propagate
3701485292,Propagate
3701656372,Homogeneous
3702035542,Chaotic
3702300406,Propagate
3702719521,Propagate
3703312913,Chaotic
3703721504,Homogeneous
3703747609,Chaotic
3704293353,Stable
3704656157,Complex
3705511986,Stable
3705981440,Homogeneous
3706086639,Propagate
3706331730,Propagate
3706401803,Complex
3706488470,Propagate
3706871169,Propagate
3707036724,Homogeneous
3707610735,Propagate
3708406804,Propagate
3708806029,Propagate
3709935576,Complex
3710150572,Chaotic
3710967433,Propagate
3711126727,Chaotic
3711748065,Chaotic
3711770095,Propagate
3712115083,Chaotic
3712367625,Complex
3712492128,Homogeneous
3712625205,Chaotic
3712817220,Propagate
3713044665,Stable
3713218352,Propagate
3713251364,Propagate
3713453204,Propagate
3713599340,Propagate
3713645169,Chaotic
3713890983,Chaotic
3714715976,Propagate
3714762680,Propagate
3715051536,Propagate
3715126971,Chaotic
3715131888,Stable
3715173650,Propagate
3715229014,Propagate
3715436184,Chaotic
3715763311,Propagate
3716265973,Stable
3716842321,Complex
3717433393,Stable
3718781355,Chaotic
3719018627,Propagate
3719077624,Propagate
3719098027,Propagate
3719252192,Propagate
3719913709,Chaotic
3719943290,Stable
3720077872,Complex
3720321442,Propagate
3721064980,Propagate
3721518527,Propagate
3721519026,Propagate
3722155276,Propagate
3723009728,Homogeneous
3723098211,Propagate
3723647115,Propagate
3724077238,Propagate
3724293320,Propagate
3724661524,Chaotic
3724705251,Propagate
3725041326,Propagate
3726489922,Chaotic
3726929448,Homogeneous
3727681649,Propagate
3728158344,Chaotic
3728211658,Propagate
3730012426,Chaotic
3730026953,Propagate
3730194387,Propagate
3730396015,Complex
3730833952,Homogeneous
3731476462,Propagate
3731709836,Propagate
3731714884,Complex
3732134321,Propagate
3732260984,Propagate
3732349092,Propagate
3732862168,Propagate
3733037615,Propagate
3733158102,Propagate
3733403538,Propagate
3733616459,Complex
3733904907,Stable
3734333785,Chaotic
3734910807,Complex
3735140420,Propagate
3735334423,Propagate
3735613960,Homogeneous
3736484955,Chaotic
3736819740,Propagate
3738208558,Complex
3738326480,Stable
3738351399,Propagate
3738379357,Complex
3738848790,Propagate
3738880744,Propagate
3739015135,Propagate
3739629117,Complex
3739733082,Propagate
3739872138,Propagate
3739915678,Propagate
3739932215,Propagate
3740227599,Propagate
3740289911,Propagate
3740628617,Propagate
3740973441,Propagate
3741682729,Complex
3742133278,Propagate
3742303947,Complex
3742790606,Chaotic
3742853967,Complex
3743404445,Propagate
3743675120,Propagate
3744017313,Propagate
3744470334,Propagate
3744857480,Propagate
3745461548,Chaotic
3745826228,Propagate
3745927824,Propagate
3746157618,Chaotic
3746856528,Propagate
3747071386,Propagate
3747699292,Complex
3748302739,Complex
3748944333,Stable
3748984060,Propagate
3749322303,Propagate
3750103127,Chaotic
3750322349,Propagate
3750519394,Complex
3750598399,Propagate
3753061802,Complex
3753226306,Propagate
3754550193,Propagate
3754619063,Propagate
3755475520,Homogeneous
3755888575,Propagate
3756813878,Propagate
3756862531,Complex
3757179475,Propagate
3757778372,Propagate
3758270516,Homogeneous
3759680804,Homogeneous
3759756703,Complex
3759925003,Chaotic
3760067746,Propagate
3760622100,Homogeneous
3761066916,Chaotic
3761759725,Propagate
3761978033,Propagate
3763463812,Complex
3763970286,Propagate
3764369596,Stable
3764403784,Homogeneous
3764821570,Propagate
3765422230,Chaotic
3766851291,Propagate
3767655820,Propagate
3767699508,Homogeneous
3767766065,Chaotic
3767943258,Chaotic
3769054267,Propagate
3769255040,Homogeneous
3770267229,Stable
3771022520,Propagate
3771222130,Propagate
3771392552,Homogeneous
3771526597,Propagate
3771820371,Propagate
3772861221,Propagate
3773006012,Propagate
3773014397,Complex
3774034814,Stable
3774081712,Stable
3775262218,Propagate
3776256226,Chaotic
3776436931,Chaotic
3776677517,Propagate
3777098403,Complex
3777605510,Propagate
3777965830,Propagate
3778024983,Chaotic
3779099567,Chaotic
3779113024,Homogeneous
3779499143,Propagate
3779619842,Propagate
3780032269,Propagate
3780575878,Propagate
3780794663,Chaotic
3780945510,Complex
3781039809,Chaotic
3781827692,Propagate
3782391589,Complex
3783002479,Propagate
3783053809,Stable
3783207393,Propagate
3783282817,Complex
3784115927,Chaotic
3784288380,Propagate
3785208486,Stable
3785653776,Propagate
3785917808,Stable
3786238875,Chaotic
3786449806,Propagate
3786577118,Stable
3786679008,Stable
3786965814,Propagate
3789771867,Complex
3789806435,Complex
3790512640,Homogeneous
3790589944,Propagate
3791776008,Propagate
3792244866,Chaotic
3792334376,Homogeneous
3792358976,Homogeneous
3792518703,Complex
3792913072,Propagate
3793020324,Homogeneous
3793386715,Complex
3794142085,Complex
3794204384,Stable
3794561056,Homogeneous
3795123846,Propagate
3795225380,Homogeneous
3795503920,Homogeneous
3796341566,Chaotic
3796583423,Chaotic
3796766389,Chaotic
3797329628,Propagate
3797759723,Chaotic
3797846816,Propagate
3798224462,Propagate
3799403520,Homogeneous
3799515188,Homogeneous
3799607751,Stable
3799685197,Chaotic
3799913038,Propagate
3800137469,Propagate
3801176196,Propagate
3802238946,Stable
3802613013,Complex
3802649856,Propagate
3802655550,Stable
3802823261,Chaotic
3802986287,Propagate
3803044105,Complex
3803350155,Stable
3803959253,Stable
3805079419,Stable
3805211808,Homogeneous
3805334084,Propagate
3805506462,Stable
3805929053,Stable
3806751613,Stable
3807540142,Stable
3808036404,Homogeneous
3809086472,Homogeneous
3809582752,Propagate
3809979523,Stable
3810214597,Chaotic
3810749722,Chaotic
3810993723,Stable
3811427006,Propagate
3811431968,Propagate
3811520099,Propagate
3812312304,Chaotic
3813260066,Propagate
3813587262,Chaotic
3814714637,Propagate
3815187827,Propagate
3816248642,Propagate
3816272330,Stable
3816531868,Propagate
3816568622,Propagate
3817428666,Chaotic
3817659305,Stable
3817840588,Homogeneous
3818213420,Propagate
3818260139,Chaotic
3818287020,Chaotic
3818436384,Propagate
3819262337,Complex
3819593147,Propagate
3820042236,Complex
3820484338,Stable
3820516662,Stable
3820835188,Complex
3821286999,Chaotic
3822078781,Chaotic
3822081988,Stable
3822246284,Stable
3822636774,Stable
3822916844,Chaotic
3823140317,Stable
3823754905,Stable
3823905026,Propagate
3824681561,Chaotic
3824741752,Stable
3824885665,Chaotic
3826673257,Chaotic
3826874416,Stable
3827029060,Chaotic
3827475508,Homogeneous
3828491568,Homogeneous
3828645201,Stable
3828894699,Propagate
3829119205,Complex
3829285512,Propagate
3829571259,Propagate
3830298882,Complex
3831197998,Chaotic
3831627968,Homogeneous
3831798908,Propagate
3831882064,Complex
3832463209,Chaotic
3832858548,Homogeneous
3833279531,Stable
3833482336,Homogeneous
3833944737,Chaotic
3834218463,Propagate
3834225643,Propagate
3834586590,Propagate
3835497053,Propagate
3835521053,Complex
3835922407,Stable
3836822875,Chaotic
3836896872,Homogeneous
3838142820,Propagate
3838223930,Propagate
3838366308,Stable
3838978236,Propagate
3839533799,Propagate
3841786259,Propagate
3842534418,Propagate
3844614336,Homogeneous
3845969197,Chaotic
3847383275,Chaotic
3849095015,Complex
3849276493,Propagate
3849545374,Chaotic
3849948344,Propagate
3849990222,Chaotic
3850030298,Propagate
3850570302,Chaotic
3850935128,Stable
3851196637,Stable
3852986918,Complex
3853248201,Stable
3853479481,Complex
3853972506,Stable
3854180799,Propagate
3856070374,Stable
3856119925,Stable
3857756741,Stable
3857923206,Propagate
3858443912,Propagate
3858479589,Stable
3858687969,Stable
3858906163,Complex
3859307680,Homogeneous
3859597985,Complex
3859800055,Propagate
3860497774,Propagate
3860782736,Stable
3860851904,Propagate
3861096073,Stable
3861432340,Homogeneous
3862175173,Complex
3862341120,Homogeneous
3862615832,Stable
3863221206,Chaotic
3863343401,Chaotic
3863813067,Complex
3864001301,Propagate
3864208883,Chaotic
3864384828,Chaotic
3864725277,Chaotic
3865161761,Chaotic
3865183953,Propagate
3865307242,Complex
3865414453,Chaotic
3865468554,Propagate
3865532843,Chaotic
3865671731,Chaotic
3865829391,Complex
3865950372,Propagate
3866225611,Propagate
3867105380,Complex
3868451608,Stable
3869896781,Complex
3870542148,Complex
3870665004,Stable
3870954632,Stable
3871072608,Stable
3871178276,Propagate
3871390824,Propagate
3871795243,Stable
3872116780,Chaotic
3872157216,Homogeneous
3873074840,Stable
3873382809,Propagate
3873819947,Stable
3873988832,Homogeneous
3874113991,Propagate
3875175162,Propagate
3875456512,Homogeneous
3875962612,Propagate
3876164737,Propagate
3877143552,Homogeneous
3877297303,Propagate
3877348085,Propagate
3877520294,Complex
3877623915,Complex
3877641253,Propagate
3878075939,Propagate
3878093402,Propagate
3878108918,Propagate
3878461206,Chaotic
3879445612,Complex
3879514174,Propagate
3880089348,Propagate
3880136395,Propagate
3880176825,Propagate
3881731616,Homogeneous
3881917047,Chaotic
3882343658,Propagate
3882643485,Chaotic
3882657272,Propagate
3882713427,Chaotic
3883317382,Propagate
3884517749,Chaotic
3884732349,Complex
3885158301,Stable
3885229525,Stable
3885372007,Chaotic
3885448102,Complex
3886116821,Propagate
3886251649,Propagate
3886327844,Propagate
3888390599,Propagate
3888749350,Stable
3888776256,Homogeneous
3889037984,Homogeneous
3890298573,Propagate
3890810632,Complex
3890846325,Stable
3892192875,Propagate
3892851597,Propagate
3894697022,Propagate
3894853812,Homogeneous
3894911417,Complex
3895229819,Propagate
3895537269,Chaotic
3895569190,Chaotic
3896166920,Homogeneous
3896167936,Homogeneous
3896688832,Homogeneous
3896813249,Chaotic
3898737620,Propagate
3899014656,Homogeneous
3899089384,Chaotic
3899171649,Complex
3899425593,Chaotic
3899925798,Chaotic
3899942615,Chaotic
3900045123,Complex
3900482836,Homogeneous
3900513400,Complex
3900907477,Propagate
3901597465,Chaotic
3901996605,Propagate
3902097267,Chaotic
3903138925,Complex
3903216670,Propagate
3903646900,Homogeneous
3904391688,Homogeneous
3905790156,Propagate
3906821722,Chaotic
3907146760,Homogeneous
3908062240,Homogeneous
3908508809,Complex
3909203768,Chaotic
3909512596,Stable
3909559928,Chaotic
3910317247,Propagate
3910996249,Chaotic
3911017356,Chaotic
3911070030,Complex
3911333096,Complex
3911445344,Propagate
3912386787,Stable
3912569626,Chaotic
3913582574,Chaotic
3913588212,Complex
3914796432,Propagate
3915299336,Homogeneous
3915607515,Chaotic
3916788564,Propagate
3916954191,Propagate
3917174201,Complex
3917440945,Chaotic
3917592199,Homogeneous
3917654764,Homogeneous
3917724510,Homogeneous
3917805670,Chaotic
3918098039,Chaotic
3918946989,Complex
3919622075,Homogeneous
3919706735,Propagate
3919818414,Homogeneous
3919960448,Stable
3920570781,Propagate
3920650515,Chaotic
3920670427,Homogeneous
3920756270,Homogeneous
3921003983,Stable
3921192038,Stable
3921264908,Stable
3921881512,Propagate
3921889760,Propagate
3921923112,Homogeneous
3922150157,Chaotic
3922425037,Propagate
3922680364,Complex
3923152675,Chaotic
3923396682,Propagate
3923811871,Homogeneous
3923841029,Complex
3923889083,Homogeneous
3924027542,Homogeneous
3924360202,Homogeneous
3924830450,Stable
3924883804,Homogeneous
3924987843,Homogeneous
3925086814,Complex
3925118947,Homogeneous
3925265981,Homogeneous
3925342594,Stable
3925408994,Stable
3925810350,Propagate
3926783149,Propagate
3927704596,Homogeneous
3927775022,Propagate
3927951973,Propagate
3928102947,Propagate
3928493696,Homogeneous
3928814340,Propagate
3929040942,Stable
3929207956,Stable
3929279809,Propagate
3929328992,Propagate
3929881924,Chaotic
3929940087,Stable
3930318079,Propagate
3930994199,Complex
3931388796,Propagate
3931583914,Chaotic
3932180375,Chaotic
3932202112,Homogeneous
3934150247,Propagate
3934313222,Propagate
3934502656,Propagate
3935024614,Homogeneous
3935462178,Propagate
3935739548,Propagate
3936064424,Homogeneous
3936068238,Homogeneous
3936259472,Homogeneous
3936273886,Homogeneous
3936352221,Homogeneous
3936972078,Complex
3937061519,Homogeneous
3937063464,Homogeneous
3937770851,Propagate
3938067760,Homogeneous
3939222978,Homogeneous
3939477027,Homogeneous
3939491719,Homogeneous
3939494990,Homogeneous
3940181253,Complex
3940276737,Homogeneous
3940279198,Homogeneous
3940284935,Homogeneous
3940457290,Homogeneous
3940471450,Homogeneous
3940503685,Propagate
3940525437,Homogeneous
3940541960,Homogeneous
3940546355,Homogeneous
3940655812,Propagate
3940809704,Homogeneous
3940925428,Homogeneous
3941588851,Homogeneous
3942091755,Homogeneous
3942301194,Homogeneous
3942316297,Homogeneous
3942354575,Homogeneous
3942461519,Propagate
3942709639,Propagate
3943357800,Complex
3943874056,Propagate
3943988529,Propagate
3944185511,Propagate
3944720882,Propagate
3944780943,Propagate
3944899549,Chaotic
3944927910,Complex
3945912049,Stable
3946047219,Propagate
3946092822,Chaotic
3946262279,Propagate
3946794250,Propagate
3947251854,Stable
3947336068,Propagate
3947790912,Homogeneous
3947815141,Propagate
3947858438,Propagate
3948089210,Chaotic
3948408968,Stable
3948737639,Propagate
3948940289,Chaotic
3949126947,Propagate
3949401194,Chaotic
3949727766,Chaotic
3950048684,Stable
3950703656,Propagate
3950869273,Propagate
3950959637,Propagate
3951502981,Propagate
3951532519,Propagate
3951790791,Homogeneous
3951812332,Homogeneous
3952004770,Homogeneous
3952056485,Homogeneous
3952070030,Homogeneous
3952365931,Chaotic
3952392114,Homogeneous
3952672248,Homogeneous
3952716285,Homogeneous
3952838854,Homogeneous
3952849377,Homogeneous
3952914089,Homogeneous
3953039808,Homogeneous
3953248994,Homogeneous
3953261050,Homogeneous
3953654760,Homogeneous
3953689576,Stable
3953707417,Homogeneous
3953721084,Homogeneous
3953761515,Homogeneous
3953817345,Propagate
3953830199,Homogeneous
3953847907,Homogeneous
3954083904,Homogeneous
3954221320,Propagate
3954236408,Homogeneous
3954292167,Stable
3954412438,Homogeneous
3954680709,Stable
3954810853,Homogeneous
3954814954,Homogeneous
3954945564,Homogeneous
3954961173,Homogeneous
3955357110,Homogeneous
3955360367,Propagate
3955599470,Homogeneous
3955618178,Homogeneous
3955630635,Chaotic
3955789637,Homogeneous
3955792108,Homogeneous
3955859207,Homogeneous
3955879966,Homogeneous
3955939817,Homogeneous
3955945020,Homogeneous
3956008221,Homogeneous
3956009297,Homogeneous
3956054827,Homogeneous
3956122178,Homogeneous
3956127289,Homogeneous
3956255081,Homogeneous
3956259790,Homogeneous
3956269534,Homogeneous
3956276323,Homogeneous
3956491798,Complex
3956511018,Homogeneous
3956699109,Propagate
3956971282,Homogeneous
3957041350,Homogeneous
3957182917,Propagate
3957255165,Homogeneous
3957306563,Homogeneous
3957308709,Homogeneous
3957707323,Stable
3957976589,Homogeneous
3958006552,Stable
3958028563,Homogeneous
3958034377,Homogeneous
3958111631,Homogeneous
3958166149,Stable
3958238734,Homogeneous
3958306834,Homogeneous
3958614760,Homogeneous
3958632271,Propagate
3958752736,Stable
3958881018,Homogeneous
3958959090,Homogeneous
3959038602,Stable
3959127491,Propagate
3959282047,Homogeneous
3959318543,Propagate
3959393557,Homogeneous
3959421075,Homogeneous
3959537590,Propagate
3960183563,Propagate
3960583763,Chaotic
3960852185,Complex
3961228449,Propagate
3961320709,Complex
3961481682,Chaotic
3961824197,Chaotic
3962364336,Propagate
3962380639,Chaotic
3962554730,Propagate
3962945185,Complex
3963643066,Propagate
3964443680,Homogeneous
3964821798,Chaotic
3965395580,Complex
3966888625,Chaotic
3967252428,Chaotic
3967566880,Homogeneous
3967921393,Stable
3968167735,Chaotic
3968528488,Homogeneous
3968970692,Propagate
3968982749,Propagate
3970642689,Complex
3971186406,Propagate
3971478932,Complex
3971668096,Homogeneous
3972135093,Propagate
3972476735,Chaotic
3974057214,Propagate
3974524834,Propagate
3974987935,Propagate
3975106773,Propagate
3975315062,Propagate
3976125337,Propagate
3976747408,Propagate
3976926625,Chaotic
3977659406,Chaotic
3977785991,Propagate
3978715881,Chaotic
3979364815,Chaotic
3979921396,Propagate
3980286850,Chaotic
3980772946,Propagate
3981947574,Propagate
3982747029,Propagate
3983084366,Propagate
3983136551,Propagate
3983674234,Complex
3984324182,Propagate
3984715449,Homogeneous
3984773517,Homogeneous
3984776444,Homogeneous
3985113823,Chaotic
3985708069,Chaotic
3985746875,Homogeneous
3986142896,Homogeneous
3986403167,Homogeneous
3986879943,Homogeneous
3987203352,Homogeneous
3987465771,Homogeneous
3987771359,Homogeneous
3987785362,Homogeneous
3987793833,Homogeneous
3987881082,Propagate
3988096831,Homogeneous
3988126586,Homogeneous
3988175613,Homogeneous
3988900777,Homogeneous
3989028332,Homogeneous
3989030677,Propagate
3989076872,Propagate
3989540022,Propagate
3989653086,Propagate
3989996517,Homogeneous
3990073117,Homogeneous
3990103355,Complex
3990270101,Homogeneous
3990329248,Homogeneous
3990396714,Homogeneous
3990448177,Stable
3990638416,Complex
3990772407,Complex
3990917006,Homogeneous
3990928294,Homogeneous
3990970353,Propagate
3991134423,Homogeneous
3991446344,Homogeneous
3991582753,Homogeneous
3991594328,Homogeneous
3991843048,Propagate
3992095187,Homogeneous
3992174141,Homogeneous
3992331264,Homogeneous
3993422048,Homogeneous
3993424298,Propagate
3993808565,Propagate
3994026416,Homogeneous
3995178651,Propagate
3996217019,Stable
3996673619,Chaotic
3996856186,Propagate
3997622912,Homogeneous
3997823785,Propagate
3997873904,Stable
3997994438,Propagate
3998085038,Propagate
3998098656,Homogeneous
3998740849,Propagate
3998929560,Propagate
3998960165,Propagate
3999241237,Propagate
3999698952,Homogeneous
4001128640,Homogeneous
4001285696,Homogeneous
4001401440,Homogeneous
4001483617,Propagate
4001602230,Homogeneous
4001861726,Propagate
4001890196,Homogeneous
4001944122,Propagate
4001984784,Propagate
4002009668,Complex
4002334635,Homogeneous
4002574128,Homogeneous
4002594725,Homogeneous
4002671356,Homogeneous
4002843627,Homogeneous
4003169606,Stable
4003369418,Homogeneous
4003479933,Chaotic
4003982258,Homogeneous
4004275952,Stable
4004289536,Homogeneous
4004504351,Homogeneous
4004695275,Homogeneous
4004733015,Propagate
4004749051,Homogeneous
4004984781,Propagate
4005006812,Homogeneous
4005207250,Homogeneous
4005276410,Homogeneous
4005387351,Propagate
4005422890,Homogeneous
4005474002,Homogeneous
4005492990,Homogeneous
4005714396,Propagate
4005833952,Homogeneous
4005969603,Propagate
4006256843,Homogeneous
4006271391,Homogeneous
4006327110,Homogeneous
4006569938,Propagate
4006581697,Homogeneous
4006586012,Homogeneous
4006603626,Homogeneous
4006628320,Propagate
4007131358,Homogeneous
4007367296,Homogeneous
4007393726,Homogeneous
4007582471,Homogeneous
4007582658,Homogeneous
4007583617,Homogeneous
4007628252,Homogeneous
4007673739,Propagate
4007763815,Propagate
4007778997,Homogeneous
4007788000,Homogeneous
4008086699,Homogeneous
4008158335,Homogeneous
4008318526,Propagate
4008322624,Homogeneous
4008432910,Homogeneous
4008440627,Homogeneous
4008639803,Homogeneous
4008680690,Homogeneous
4009068470,Homogeneous
4009092084,Homogeneous
4009255944,Homogeneous
4009424386,Homogeneous
4009598401,Homogeneous
4009640503,Propagate
4009735610,Homogeneous
4010075517,Propagate
4010339392,Homogeneous
4010679415,Complex
4010987918,Propagate
4011916195,Propagate
4012566291,Propagate
4012914037,Propagate
4014170428,Chaotic
4014532821,Complex
4014806006,Complex
4015250778,Propagate
4015559232,Homogeneous
4015682527,Propagate
4015929111,Propagate
4016436509,Propagate
4016603197,Propagate
4016909987,Complex
4017081877,Propagate
4017098717,Propagate
4018003062,Propagate
4018014916,Stable
4018090068,Propagate
4018189132,Propagate
4018531316,Homogeneous
4018559055,Propagate
4018585527,Homogeneous
4018777887,Homogeneous
4018778035,Homogeneous
4018845243,Homogeneous
4018863879,Homogeneous
4018904026,Homogeneous
4018931651,Propagate
4018948187,Propagate
4019172484,Homogeneous
4019190234,Homogeneous
4019190927,Homogeneous
4019194158,Chaotic
4019301737,Homogeneous
4019358075,Homogeneous
4019506377,Homogeneous
4019695252,Homogeneous
4019715977,Homogeneous
4019951865,Homogeneous
4019972626,Homogeneous
4020039592,Homogeneous
4020096706,Homogeneous
4020214147,Homogeneous
4020239365,Homogeneous
4020265608,Homogeneous
4020303560,Homogeneous
4020470261,Homogeneous
4020480106,Homogeneous
4020602617,Homogeneous
4020750515,Homogeneous
4020761489,Homogeneous
4020798974,Homogeneous
4020824287,Homogeneous
4020869189,Propagate
4020892312,Homogeneous
4020943018,Homogeneous
4020956586,Homogeneous
4021262277,Homogeneous
4021272052,Homogeneous
4021358722,Complex
4021469245,Homogeneous
4021658652,Homogeneous
4021731317,Homogeneous
4021804681,Homogeneous
4021810626,Homogeneous
4022126737,Homogeneous
4022182792,Homogeneous
4022259165,Homogeneous
4022334028,Homogeneous
4022393519,Homogeneous
4022436158,Homogeneous
4022900809,Stable
4022969323,Homogeneous
4022970800,Homogeneous
4023042038,Homogeneous
4023058136,Homogeneous
4023170079,Homogeneous
4023189036,Homogeneous
4023237553,Homogeneous
4023237800,Homogeneous
4023318161,Homogeneous
4023353861,Homogeneous
4023355886,Homogeneous
4023363284,Homogeneous
4023380066,Homogeneous
4023422137,Homogeneous
4023956782,Homogeneous
4023970870,Homogeneous
4023971176,Homogeneous
4024007140,Propagate
4024015978,Homogeneous
4024016502,Homogeneous
4024078631,Homogeneous
4024202096,Propagate
4024225228,Homogeneous
4024355381,Homogeneous
4024360493,Homogeneous
4024424912,Homogeneous
4024475620,Homogeneous
4024599992,Homogeneous
4024627893,Homogeneous
4024687882,Homogeneous
4024734892,Homogeneous
4024870299,Homogeneous
4024871050,Homogeneous
4024882500,Propagate
4024888806,Homogeneous
4024958884,Homogeneous
4024994236,Homogeneous
4025058017,Homogeneous
4025068125,Homogeneous
4025083294,Homogeneous
4025088647,Homogeneous
4025126787,Homogeneous
4025262049,Homogeneous
4025262083,Homogeneous
4025262707,Homogeneous
4025341894,Homogeneous
4025400650,Homogeneous
4025402345,Homogeneous
4025416293,Homogeneous
4025451481,Homogeneous
4025458153,Homogeneous
4025477216,Homogeneous
4025527468,Homogeneous
4025532366,Homogeneous
4025583726,Homogeneous
4025608849,Homogeneous
4025741962,Homogeneous
4025856425,Homogeneous
4025859321,Homogeneous
4025926794,Homogeneous
4026031511,Propagate
4026047426,Homogeneous
4026061242,Homogeneous
4026120766,Homogeneous
4026130733,Homogeneous
4026193837,Homogeneous
4026194404,Homogeneous
4026243815,Homogeneous
4026269135,Homogeneous
4026320835,Homogeneous
4026383099,Homogeneous
4026451465,Homogeneous
4026888438,Stable
4027070340,Propagate
4027884584,Homogeneous
4028349408,Stable
4029223033,Stable
4029274481,Stable
4029313576,Homogeneous
4029366692,Complex
4030737289,Propagate
4031038929,Stable
4032051272,Homogeneous
4032673646,Stable
4033202199,Chaotic
4033318015,Complex
4033695628,Chaotic
4033992825,Stable
4034141696,Homogeneous
4034504933,Stable
4034676117,Propagate
4035595758,Stable
4036380160,Homogeneous
4037591988,Stable
4037737284,Stable
4037840041,Stable
4038293608,Stable
4038399339,Propagate
4038522943,Stable
4038658207,Complex
4038831207,Stable
4039384391,Propagate
4039559751,Propagate
4040574273,Propagate
4040709572,Stable
4041534772,Homogeneous
4041837371,Stable
4042131968,Homogeneous
4043585413,Propagate
4043739257,Complex
4044061465,Complex
4044124555,Chaotic
4044530127,Stable
4046268453,Propagate
4047709743,Propagate
4048047180,Propagate
4048763624,Stable
4049044592,Propagate
4049766372,Stable
4050880598,Propagate
4051517606,Propagate
4051874217,Stable
4053203827,Stable
4053652340,Stable
4054103531,Stable
4054787887,Propagate
4054834021,Stable
4055255806,Stable
4056630422,Propagate
4058588288,Complex
4058962851,Stable
4059306573,Propagate
4059575358,Stable
4059756133,Stable
4059822623,Stable
4060855201,Homogeneous
4060888526,Propagate
4061057485,Homogeneous
4061833165,Homogeneous
4061851321,Homogeneous
4061916094,Homogeneous
4062373799,Propagate
4062570048,Propagate
4062761613,Homogeneous
4062927768,Chaotic
4063137028,Propagate
4063227322,Homogeneous
4063305495,Chaotic
4063446630,Chaotic
4063627437,Propagate
4063713518,Chaotic
4063778640,Propagate
4063834150,Stable
4064004034,Homogeneous
4064162365,Propagate
4064262031,Homogeneous
4064795710,Propagate
4064962612,Homogeneous
4064975615,Homogeneous
4065479688,Homogeneous
4066177448,Homogeneous
4066248360,Homogeneous
4066288620,Homogeneous
4066442530,Propagate
4066684108,Propagate
4067116918,Chaotic
4067243926,Chaotic
4067594934,Stable
4068456621,Homogeneous
4068459301,Propagate
4068580401,Complex
4068759688,Homogeneous
4069138440,Homogeneous
4069460767,Propagate
4069608963,Complex
4069868910,Chaotic
4069904213,Propagate
4070585433,Stable
4071189732,Propagate
4071897791,Propagate
4072664004,Stable
4074600405,Propagate
4074624895,Stable
4074764127,Stable
4075071765,Stable
4075089815,Stable
4075384877,Stable
4075474988,Complex
4075514231,Stable
4076463610,Stable
4077559346,Chaotic
4077565908,Homogeneous
4077608077,Propagate
4077881309,Homogeneous
4077882607,Homogeneous
4077897154,Homogeneous
4078132668,Propagate
4078365121,Propagate
4078551333,Propagate
4078736102,Propagate
4078813603,Homogeneous
4079058814,Propagate
4079494348,Propagate
4079847381,Homogeneous
4079936671,Homogeneous
4079941830,Homogeneous
4080316922,Stable
4080389027,Propagate
4080771802,Homogeneous
4080789191,Homogeneous
4080817917,Propagate
4080920264,Homogeneous
4081052308,Homogeneous
4081264677,Propagate
4081636284,Homogeneous
4081682363,Homogeneous
4081685213,Homogeneous
4081701802,Homogeneous
4081776528,Homogeneous
4082017185,Homogeneous
4082603360,Propagate
4082739192,Homogeneous
4082745765,Homogeneous
4082860502,Homogeneous
4082864289,Homogeneous
4083595988,Propagate
4083736548,Homogeneous
4083988011,Complex
4083988902,Homogeneous
4084962177,Homogeneous
4085390589,Chaotic
4085491260,Stable
4086350456,Stable
4086513692,Propagate
4086753847,Propagate
4087549296,Chaotic
4087797268,Propagate
4088330869,Stable
4088463963,Propagate
4088612795,Stable
4088704780,Stable
4088807393,Complex
4088881012,Complex
4089514512,Propagate
4089633209,Stable
4090224069,Stable
4090515765,Propagate
4090822431,Stable
4091088573,Complex
4094486560,Homogeneous
4094743214,Stable
4094952113,Chaotic
4095250239,Propagate
4096608204,Propagate
4096932875,Chaotic
4097792827,Propagate
4097998347,Propagate
4098240426,Propagate
4098409024,Homogeneous
4100065823,Chaotic
4100491528,Propagate
4100804125,Complex
4101060440,Complex
4102587154,Propagate
4104467649,Complex
4104814112,Homogeneous
4105026161,Stable
4105501476,Propagate
4106239196,Complex
4106563997,Chaotic
4106892369,Chaotic
4107510902,Stable
4107970041,Stable
4108197145,Propagate
4108207447,Propagate
4108467029,Propagate
4108767232,Homogeneous
4109062534,Complex
4109493011,Propagate
4110073098,Stable
4110100539,Propagate
4111198819,Propagate
4111510355,Propagate
4111647939,Stable
4112317894,Stable
4113935567,Stable
4114432816,Propagate
4114856911,Propagate
4115320994,Stable
4115553007,Propagate
4115661006,Complex
4116781398,Propagate
4116921374,Propagate
4117424106,Stable
4118273173,Stable
4118326631,Propagate
4118554689,Complex
4118857036,Propagate
4119195772,Stable
4121513171,Propagate
4121655375,Propagate
4121721544,Propagate
4122447047,Stable
4122934247,Stable
4123140160,Homogeneous
4123177631,Stable
4123414330,Propagate
4123635783,Propagate
4123900225,Propagate
4123942929,Complex
4125416794,Stable
4125705410,Propagate
4125878552,Stable
4126513954,Stable
4126551191,Propagate
4126667794,Propagate
4127314096,Stable
4127498594,Complex
4127537494,Chaotic
4127781198,Propagate
4128175848,Homogeneous
4128705633,Propagate
4128813720,Homogeneous
4128870299,Propagate
4129038344,Homogeneous
4129213775,Propagate
4130322409,Homogeneous
4130330848,Homogeneous
4130775826,Propagate
4131055256,Homogeneous
4131198728,Propagate
4131374590,Homogeneous
4131376705,Propagate
4131383267,Homogeneous
4131883398,Complex
4131960752,Stable
4132155880,Homogeneous
4132209071,Homogeneous
4132494998,Stable
4132654134,Complex
4133065868,Homogeneous
4133142734,Homogeneous
4133262476,Homogeneous
4133328556,Homogeneous
4134053399,Propagate
4134347231,Propagate
4134377134,Homogeneous
4134457804,Homogeneous
4135042261,Propagate
4135288726,Propagate
4135376110,Homogeneous
4135384975,Homogeneous
4135438305,Stable
4135473064,Propagate
4135595227,Propagate
4136201739,Propagate
4136880522,Stable
4137870462,Stable
4138809464,Stable
4139209207,Propagate
4140254316,Chaotic
4140571784,Homogeneous
4140714547,Complex
4141140788,Homogeneous
4141907136,Stable
4142303962,Stable
4143414547,Propagate
4143444172,Stable
4143889422,Stable
4144687296,Propagate
4144756367,Homogeneous
4144817898,Homogeneous
4144887791,Homogeneous
4145723379,Homogeneous
4145776986,Propagate
4146162107,Propagate
4146187739,Propagate
4146643085,Homogeneous
4146653387,Propagate
4146678097,Propagate
4146774706,Homogeneous
4146779534,Homogeneous
4146780827,Propagate
4147095497,Homogeneous
4147110835,Homogeneous
4147317383,Propagate
4147388846,Complex
4147648330,Propagate
4147883744,Homogeneous
4147956466,Homogeneous
4148010488,Homogeneous
4148462940,Propagate
4148555089,Propagate
4148713377,Propagate
4148815567,Homogeneous
4149205484,Propagate
4149285287,Propagate
4149874768,Propagate
4150843557,Homogeneous
4150968521,Homogeneous
4150968558,Homogeneous
4151086814,Homogeneous
4151157943,Homogeneous
4151178883,Homogeneous
4151232673,Homogeneous
4152091017,Homogeneous
4152199657,Homogeneous
4152200429,Homogeneous
4152202444,Homogeneous
4152214406,Homogeneous
4152281059,Homogeneous
4152757072,Propagate
4153191514,Stable
4154381576,Stable
4154391920,Stable
4154444448,Stable
4154596713,Propagate
4154882964,Propagate
4155305506,Stable
4155568383,Stable
4156087360,Propagate
4156986781,Stable
4157171054,Propagate
4157585926,Stable
4157859258,Stable
4158203704,Propagate
4159622217,Stable
4160237474,Propagate
4160575046,Propagate
4160694016,Propagate
4160699815,Propagate
4161178208,Homogeneous
4161364796,Complex
4161807235,Chaotic
4162060546,Chaotic
4162111369,Stable
4162665646,Chaotic
4162697889,Complex
4164352014,Propagate
4164370155,Complex
4165212002,Complex
4165269922,Stable
4165932723,Chaotic
4166911649,Chaotic
4167156799,Propagate
4167838882,Propagate
4167882826,Propagate
4169146745,Stable
4169302661,Stable
4169714121,Homogeneous
4170119580,Homogeneous
4170377580,Homogeneous
4170534800,Propagate
4170662026,Propagate
4170749881,Stable
4170751422,Homogeneous
4170942951,Homogeneous
4171076875,Homogeneous
4171205617,Homogeneous
4171478820,Stable
4171536490,Homogeneous
4171699855,Chaotic
4171722749,Propagate
4171737404,Homogeneous
4172188028,Homogeneous
4172213624,Homogeneous
4172397040,Stable
4172515979,Stable
4172594556,Homogeneous
4172799235,Propagate
4172939649,Chaotic
4173261007,Homogeneous
4173466825,Propagate
4173987789,Homogeneous
4174044291,Homogeneous
4174099998,Homogeneous
4174119231,Chaotic
4174227595,Homogeneous
4174374247,Homogeneous
4174701980,Stable
4174800968,Propagate
4175333002,Homogeneous
4175416979,Homogeneous
4175551143,Stable
4175997081,Homogeneous
4176198181,Homogeneous
4176281098,Homogeneous
4176659764,Homogeneous
4176726093,Homogeneous
4177198825,Homogeneous
4177460492,Homogeneous
4177525783,Homogeneous
4178036875,Propagate
4178642119,Propagate
4179500364,Propagate
4179633740,Propagate
4179917201,Propagate
4180885972,Chaotic
4181115252,Propagate
4181375741,Propagate
4181592277,Propagate
4181992696,Complex
4182598148,Chaotic
4184352193,Propagate
4184520722,Propagate
4184564874,Propagate
4184997013,Stable
4185205431,Complex
4185880730,Propagate
4185969562,Stable
4186423369,Homogeneous
4186559945,Homogeneous
4186683285,Homogeneous
4186801035,Homogeneous
4186817512,Homogeneous
4186960788,Homogeneous
4187195875,Stable
4187662214,Homogeneous
4187721408,Homogeneous
4188534895,Homogeneous
4188729045,Homogeneous
4188794134,Homogeneous
4189536462,Stable
4189711329,Homogeneous
4189798086,Propagate
4189833664,Homogeneous
4189969364,Homogeneous
4190089466,Stable
4190289358,Stable
4190675934,Homogeneous
4190747055,Homogeneous
4190817976,Homogeneous
4190820792,Homogeneous
4190865609,Homogeneous
4190877915,Homogeneous
4190943742,Homogeneous
4191070451,Homogeneous
4191154338,Homogeneous
4191399212,Homogeneous
4191668312,Homogeneous
4191874493,Homogeneous
4192185058,Homogeneous
4192264726,Propagate
4192640407,Stable
4192772969,Stable
4192779241,Homogeneous
4192832948,Homogeneous
4193100265,Stable
4193122465,Homogeneous
4193122699,Homogeneous
4193163966,Homogeneous
4193229022,Homogeneous
4193229783,Homogeneous
4193291130,Homogeneous
4193395712,Homogeneous
4193626658,Propagate
4193820334,Homogeneous
4193827688,Homogeneous
4193898312,Homogeneous
4193900813,Homogeneous
4194101723,Homogeneous
4194213803,Homogeneous
4194229742,Homogeneous
4194415400,Propagate
4194495212,Propagate
4194648719,Complex
4194704420,Propagate
4195647591,Propagate
4196053519,Propagate
4199305883,Propagate
4199710993,Chaotic
4199930380,Propagate
4200001835,Propagate
4200103800,Propagate
4200239562,Propagate
4200411392,Propagate
4200700168,Propagate
4200857420,Propagate
4201928545,Complex
4202818728,Homogeneous
4203187856,Homogeneous
4203208087,Homogeneous
4203454082,Homogeneous
4203474360,Homogeneous
4203595212,Homogeneous
4203674297,Homogeneous
4203720335,Homogeneous
4203735934,Homogeneous
4203780042,Homogeneous
4203907334,Chaotic
4204316980,Homogeneous
4204502562,Homogeneous
4204584648,Homogeneous
4204641210,Homogeneous
4205353756,Homogeneous
4205763980,Homogeneous
4205832333,Homogeneous
4205951951,Homogeneous
4206555017,Homogeneous
4206589225,Propagate
4206624142,Homogeneous
4206902853,Propagate
4207314063,Homogeneous
4207322813,Homogeneous
4207605966,Homogeneous
4207925474,Homogeneous
4208113349,Stable
4208159566,Propagate
4208200162,Propagate
4208376714,Homogeneous
4208390599,Stable
4208819875,Stable
4208821087,Homogeneous
4208852584,Homogeneous
4209031593,Homogeneous
4209032860,Homogeneous
4209372195,Propagate
4209692473,Homogeneous
4209695635,Homogeneous
4209760499,Homogeneous
4209919528,Homogeneous
4210027918,Homogeneous
4210118640,Propagate
4210220023,Homogeneous
4210373675,Complex
4210696706,Propagate
4210752877,Homogeneous
4210797821,Homogeneous
4210882838,Homogeneous
4211052508,Homogeneous
4211072820,Homogeneous
4211080395,Homogeneous
4211261115,Propagate
4211429628,Propagate
4211575611,Propagate
4211869144,Propagate
4212152981,Propagate
4212168831,Stable
4212394947,Chaotic
4212581851,Propagate
4212837406,Propagate
4213242247,Propagate
4213254589,Propagate
4213901329,Propagate
4214005797,Propagate
4214857796,Propagate
4214901827,Propagate
4214942286,Propagate
4215026769,Propagate
4215278132,Propagate
4215784491,Propagate
4216287489,Propagate
4217209234,Propagate
4217837426,Propagate
4218574133,Propagate
4219525599,Homogeneous
4219598075,Homogeneous
4219771634,Homogeneous
4219773313,Homogeneous
4219784667,Homogeneous
4219860135,Homogeneous
4220050421,Homogeneous
4220056450,Homogeneous
4220304763,Homogeneous
4220321510,Homogeneous
4220348865,Propagate
4220433695,Homogeneous
4220510045,Homogeneous
4220636770,Propagate
4220895223,Homogeneous
4221023281,Propagate
4221108182,Homogeneous
4221231799,Homogeneous
4221284560,Homogeneous
4221413873,Homogeneous
4221419407,Homogeneous
4221474236,Homogeneous
4221490370,Homogeneous
4221496227,Homogeneous
4221531762,Propagate
4221697212,Homogeneous
4221894371,Homogeneous
4221938144,Homogeneous
4222274827,Homogeneous
4222281443,Stable
4222528432,Homogeneous
4222615037,Homogeneous
4223004581,Homogeneous
4223064738,Homogeneous
4223209779,Stable
4223326673,Homogeneous
4223511391,Homogeneous
4223582080,Homogeneous
4223662453,Homogeneous
4223791041,Homogeneous
4223829215,Homogeneous
4223903184,Homogeneous
4223984845,Homogeneous
4224028140,Homogeneous
4224164093,Homogeneous
4224236492,Homogeneous
4224293284,Homogeneous
4224317562,Homogeneous
4224358295,Homogeneous
4224365957,Homogeneous
4224383983,Homogeneous
4224418033,Homogeneous
4224500431,Homogeneous
4224556825,Homogeneous
4224624671,Homogeneous
4224630467,Homogeneous
4224646395,Homogeneous
4224710545,Homogeneous
4224833505,Homogeneous
4225143431,Homogeneous
4225285756,Homogeneous
4225301035,Homogeneous
4225348250,Homogeneous
4225423145,Homogeneous
4225484519,Homogeneous
4225522662,Propagate
4225568603,Propagate
4225579315,Propagate
4225617788,Homogeneous
4225735029,Homogeneous
4225956071,Homogeneous
4225973028,Propagate
4226264485,Homogeneous
4226443184,Propagate
4226612553,Homogeneous
4226735335,Homogeneous
4226738439,Homogeneous
4226787795,Homogeneous
4226792297,Homogeneous
4226800560,Homogeneous
4226957392,Stable
4227136235,Homogeneous
4227194786,Homogeneous
4227260783,Stable
4227336200,Homogeneous
4227398129,Homogeneous
4227505171,Homogeneous
4227775832,Homogeneous
4227836161,Homogeneous
4228971367,Complex
4228993918,Chaotic
4229372921,Propagate
4230611488,Homogeneous
4231288205,Complex
4231494220,Propagate
4231547874,Complex
4231869256,Propagate
4231912284,Propagate
4231923083,Propagate
4231998023,Propagate
4233453733,Stable
4233990586,Propagate
4234626298,Complex
4234827017,Complex
4234920726,Propagate
4234940875,Propagate
4235919119,Propagate
4236278085,Stable
4236372377,Stable
4236463909,Propagate
4236578944,Propagate
4236705066,Homogeneous
4236836074,Homogeneous
4236888731,Homogeneous
4236928921,Propagate
4236958387,Homogeneous
4237013141,Homogeneous
4237017475,Homogeneous
4237156351,Homogeneous
4237205442,Homogeneous
4237565972,Homogeneous
4238002934,Homogeneous
4238081040,Homogeneous
4238257180,Homogeneous
4238274715,Homogeneous
4238285722,Propagate
4238323301,Homogeneous
4238338331,Homogeneous
4238394718,Stable
4238711083,Homogeneous
4239035164,Homogeneous
4239036101,Homogeneous
4239046710,Homogeneous
4239052699,Homogeneous
4239053966,Homogeneous
4239122902,Homogeneous
4239159064,Propagate
4239254908,Homogeneous
4239378342,Homogeneous
4239383187,Homogeneous
4239781194,Homogeneous
4239797800,Homogeneous
4240102555,Homogeneous
4240133721,Propagate
4240213691,Homogeneous
4240215449,Homogeneous
4240349310,Homogeneous
4240372125,Homogeneous
4240413827,Homogeneous
4240425554,Homogeneous
4240428931,Homogeneous
4240435260,Homogeneous
4240949610,Homogeneous
4241067626,Homogeneous
4241150936,Homogeneous
4241215964,Homogeneous
4241353263,Homogeneous
4241394894,Homogeneous
4241931722,Stable
4241986514,Stable
4242191067,Homogeneous
4242209243,Homogeneous
4242217947,Propagate
4242255209,Homogeneous
4242255676,Homogeneous
4242259490,Homogeneous
4242319929,Homogeneous
4242332237,Homogeneous
4242375886,Homogeneous
4242377978,Homogeneous
4242403769,Stable
4242699747,Stable
4242965764,Propagate
4243168760,Homogeneous
4243175463,Homogeneous
4243257875,Homogeneous
4243302444,Homogeneous
4243519311,Homogeneous
4243596376,Stable
4243939720,Propagate
4244560312,Homogeneous
4245205804,Propagate
4245645396,Propagate
4245721921,Propagate
4246079200,Homogeneous
4246144717,Propagate
4246976631,Stable
4247208925,Chaotic
4247782554,Propagate
4248568120,Propagate
4249842792,Propagate
4249898166,Stable
4249970406,Chaotic
4249989993,Propagate
4252151888,Stable
4253184328,Propagate
4253378170,Propagate
4253467965,Homogeneous
4253587843,Homogeneous
4253678382,Homogeneous
4253863309,Homogeneous
4253931919,Homogeneous
4254455833,Homogeneous
4254758773,Propagate
4254976861,Homogeneous
4254980126,Homogeneous
4255025029,Homogeneous
4255110536,Homogeneous
4255275899,Propagate
4255495289,Homogeneous
4255696326,Homogeneous
4255755251,Homogeneous
4255759134,Homogeneous
4255762796,Homogeneous
4255764318,Homogeneous
4256080875,Homogeneous
4256125507,Propagate
4256423039,Homogeneous
4256429997,Stable
4256601470,Homogeneous
4256619098,Homogeneous
4256635034,Propagate
4256936970,Homogeneous
4257014585,Homogeneous
4257124871,Homogeneous
4257149922,Homogeneous
4257189644,Homogeneous
4257189918,Homogeneous
4257194784,Homogeneous
4257209165,Homogeneous
4257466510,Stable
4257544542,Homogeneous
4257735571,Stable
4257782302,Homogeneous
4257789145,Homogeneous
4257794939,Homogeneous
4257868228,Homogeneous
4257921742,Homogeneous
4257979505,Homogeneous
4257984071,Homogeneous
4258042040,Homogeneous
4258106543,Homogeneous
4258171324,Homogeneous
4258175314,Homogeneous
4258240918,Homogeneous
4258635772,Stable
4258667012,Propagate
4258694477,Homogeneous
4258966781,Homogeneous
4259028572,Homogeneous
4259051783,Homogeneous
4259175240,Homogeneous
4259226076,Homogeneous
4259230873,Homogeneous
4259242414,Homogeneous
4259308251,Homogeneous
4259672968,Propagate
4259899597,Homogeneous
4259945709,Homogeneous
4260019507,Homogeneous
4260031752,Homogeneous
4260084350,Homogeneous
4260128254,Propagate
4260197913,Propagate
4260219593,Homogeneous
4260270263,Homogeneous
4260271622,Homogeneous
4260334297,Homogeneous
4260335168,Homogeneous
4260352716,Homogeneous
4260795963,Homogeneous
4260803316,Stable
4260866345,Homogeneous
4260947398,Homogeneous
4260986477,Propagate
4261123483,Homogeneous
4261193098,Homogeneous
4261405062,Homogeneous
4261711961,Propagate
4261838423,Propagate
4261884917,Complex
4262257557,Propagate
4262593632,Homogeneous
4262805537,Propagate
4263579856,Propagate
4263772352,Homogeneous
4265380687,Propagate
4265574164,Propagate
4265879898,Chaotic
4266053823,Propagate
4267260866,Propagate
4267385088,Propagate
4267520146,Chaotic
4268124162,Propagate
4268429300,Propagate
4268606931,Propagate
4268696588,Propagate
4268845844,Propagate
4269198358,Propagate
4269837305,Homogeneous
4269845437,Homogeneous
4270644843,Homogeneous
4270648918,Homogeneous
4270698703,Homogeneous
4270821288,Homogeneous
4270886111,Homogeneous
4271021046,Homogeneous
4271112832,Homogeneous
4271203579,Propagate
4271225529,Homogeneous
4271346939,Homogeneous
4271498835,Homogeneous
4271501129,Homogeneous
4271634634,Homogeneous
4271678411,Homogeneous
4271693824,Homogeneous
4271754139,Homogeneous
4271757259,Homogeneous
4271792710,Propagate
4271829997,Homogeneous
4271867615,Homogeneous
4271880484,Homogeneous
4271881199,Homogeneous
4271891156,Homogeneous
4272216733,Homogeneous
4272421213,Propagate
4272473548,Homogeneous
4272529357,Homogeneous
4272535739,Homogeneous
4272544722,Stable
4272553984,Homogeneous
4272655625,Homogeneous
4272676315,Homogeneous
4272880518,Homogeneous
4272924984,Homogeneous
4272932257,Homogeneous
4272935751,Homogeneous
4272990926,Homogeneous
4273178031,Homogeneous
4273178251,Homogeneous
4273201812,Homogeneous
4273666844,Homogeneous
4273706872,Homogeneous
4273726255,Homogeneous
4273730079,Homogeneous
4273848527,Homogeneous
4273855613,Homogeneous
4273855676,Homogeneous
4273908391,Homogeneous
4273969121,Homogeneous
4273971424,Homogeneous
4273981471,Homogeneous
4274057439,Homogeneous
4274133950,Propagate
4274697911,Homogeneous
4274902764,Homogeneous
4274961838,Homogeneous
4275146698,Homogeneous
4275274669,Homogeneous
4275307901,Propagate
4275558378,Homogeneous
4275612216,Homogeneous
4275760247,Homogeneous
4275800373,Homogeneous
4275801316,Homogeneous
4275889627,Homogeneous
4275939357,Homogeneous
4276015413,Homogeneous
4276021037,Homogeneous
4276078154,Homogeneous
4276091402,Homogeneous
4276222623,Homogeneous
4276278738,Homogeneous
4276718604,Homogeneous
4276722617,Homogeneous
4276737069,Homogeneous
4276745103,Homogeneous
4276856056,Homogeneous
4277070636,Homogeneous
4277314526,Homogeneous
4277314989,Homogeneous
4277385381,Homogeneous
4277475494,Propagate
4277584863,Homogeneous
4277712471,Homogeneous
4277838030,Homogeneous
4277908586,Homogeneous
4278093494,Homogeneous
4278107842,Homogeneous
4278161408,Homogeneous
4278201677,Stable
4278308761,Propagate
4278393710,Propagate
4279108318,Propagate
4279181085,Propagate
4280272203,Propagate
4280499551,Propagate
4280825155,Propagate
4281848220,Propagate
4282190412,Propagate
4282768895,Propagate
4282962914,Propagate
4283481572,Propagate
4283684622,Propagate
4283799941,Propagate
4283911723,Propagate
4283976192,Propagate
4284391408,Propagate
4284704493,Propagate
4285173613,Propagate
4285815221,Propagate
4286681265,Homogeneous
4286709213,Homogeneous
4286711076,Propagate
4286751986,Homogeneous
4286760115,Homogeneous
4286809259,Homogeneous
4287206169,Homogeneous
4287338319,Homogeneous
4287354387,Homogeneous
4287354666,Homogeneous
4287530893,Homogeneous
4287531906,Homogeneous
4287535403,Homogeneous
4287555443,Homogeneous
4287603089,Homogeneous
4287623157,Homogeneous
4287669168,Homogeneous
4287822474,Homogeneous
4287860366,Homogeneous
4287876773,Homogeneous
4287995014,Homogeneous
4288008846,Homogeneous
4288076721,Homogeneous
4288132025,Homogeneous
4288209558,Homogeneous
4288316444,Homogeneous
4288329154,Homogeneous
4288333099,Homogeneous
4288383634,Homogeneous
4288392057,Homogeneous
4288394793,Homogeneous
4288449823,Homogeneous
4288508513,Propagate
4288584432,Homogeneous
4288592362,Homogeneous
4288716227,Homogeneous
4288906628,Homogeneous
4288929750,Homogeneous
4289331200,Homogeneous
4289380920,Homogeneous
4289439212,Homogeneous
4289451861,Homogeneous
4289575949,Homogeneous
4289637272,Homogeneous
4289637317,Homogeneous
4289645610,Homogeneous
4289696461,Homogeneous
4289710313,Homogeneous
4289717273,Homogeneous
4289760956,Homogeneous
4289773476,Homogeneous
4290046146,Homogeneous
4290151074,Homogeneous
4290164960,Homogeneous
4290170082,Homogeneous
4290252845,Complex
4290292902,Homogeneous
4290292937,Homogeneous
4290297982,Homogeneous
4290362009,Homogeneous
4290367627,Homogeneous
4290370584,Homogeneous
4290425587,Homogeneous
4290483597,Homogeneous
4290501092,Homogeneous
4290544312,Homogeneous
4290545727,Homogeneous
4290546583,Homogeneous
4290681384,Homogeneous
4290705353,Homogeneous
4290836885,Homogeneous
4290892979,Homogeneous
4291165170,Homogeneous
4291215597,Homogeneous
4291284100,Homogeneous
4291336154,Homogeneous
4291463260,Homogeneous
4291485227,Homogeneous
4291487379,Homogeneous
4291551142,Homogeneous
4291615582,Homogeneous
4291615932,Homogeneous
4291781075,Propagate
4291792003,Homogeneous
4291793927,Homogeneous
4291874233,Homogeneous
4291877101,Homogeneous
4291885525,Homogeneous
4291920189,Propagate
4291930008,Homogeneous
4292117199,Homogeneous
4292183522,Homogeneous
4292255434,Homogeneous
4292268981,Homogeneous
4292276786,Propagate
4292527113,Homogeneous
4292533658,Homogeneous
4292587099,Homogeneous
4292605617,Homogeneous
4292734629,Homogeneous
4292778422,Homogeneous
4292781723,Homogeneous
4292785945,Homogeneous
4292794639,Homogeneous
4292978563,Homogeneous
4293037053,Homogeneous
4293122236,Homogeneous
4293130825,Propagate
4293243848,Homogeneous
4293379526,Homogeneous
4293383850,Homogeneous
4293392867,Homogeneous
4293428182,Homogeneous
4293432260,Homogeneous
4293436306,Homogeneous
4293444264,Homogeneous
4293445006,Homogeneous
4293495260,Homogeneous
4293497160,Homogeneous
4293508342,Homogeneous
4293511990,Propagate
4293575510,Homogeneous
4293628126,Homogeneous
4293772041,Homogeneous
4293814515,Propagate
4293837813,Homogeneous
4293975469,Homogeneous
4294022340,Homogeneous
4294026194,Homogeneous
4294030170,Propagate
4294091698,Homogeneous
4294097095,Homogeneous
4294097550,Homogeneous
4294214610,Homogeneous
4294537929,Propagate
4294553646,Homogeneous
4294571397,Homogeneous
4294675189,Homogeneous
4294676795,Homogeneous
4294748888,Homogeneous
4294791215,Propagate
4294814343,Homogeneous
4294823145,Homogeneous
4294880746,Homogeneous
4294886052,Homogeneous
